-- phpMyAdmin SQL Dump
-- version 5.0.2
-- https://www.phpmyadmin.net/
--
-- Host: 127.0.0.1
-- Generation Time: Mar 28, 2021 at 11:30 AM
-- Server version: 10.4.13-MariaDB
-- PHP Version: 7.4.7

SET SQL_MODE = "NO_AUTO_VALUE_ON_ZERO";
START TRANSACTION;
SET time_zone = "+00:00";


/*!40101 SET @OLD_CHARACTER_SET_CLIENT=@@CHARACTER_SET_CLIENT */;
/*!40101 SET @OLD_CHARACTER_SET_RESULTS=@@CHARACTER_SET_RESULTS */;
/*!40101 SET @OLD_COLLATION_CONNECTION=@@COLLATION_CONNECTION */;
/*!40101 SET NAMES utf8mb4 */;

--
-- Database: `cancer`
--

-- --------------------------------------------------------

--
-- Table structure for table `cancers`
--

CREATE TABLE `cancers` (
  `id` bigint(20) UNSIGNED NOT NULL,
  `name` varchar(255) COLLATE utf8mb4_unicode_ci NOT NULL,
  `slug` varchar(255) COLLATE utf8mb4_unicode_ci NOT NULL,
  `content` longtext COLLATE utf8mb4_unicode_ci NOT NULL,
  `risk_factors` longtext COLLATE utf8mb4_unicode_ci NOT NULL,
  `early_symptoms` longtext COLLATE utf8mb4_unicode_ci NOT NULL,
  `protection` longtext COLLATE utf8mb4_unicode_ci NOT NULL,
  `early_detection` longtext COLLATE utf8mb4_unicode_ci NOT NULL,
  `image` varchar(255) COLLATE utf8mb4_unicode_ci NOT NULL,
  `video` varchar(255) COLLATE utf8mb4_unicode_ci DEFAULT NULL,
  `created_at` timestamp NULL DEFAULT NULL,
  `updated_at` timestamp NULL DEFAULT NULL
) ENGINE=InnoDB DEFAULT CHARSET=utf8mb4 COLLATE=utf8mb4_unicode_ci;

--
-- Dumping data for table `cancers`
--

INSERT INTO `cancers` (`id`, `name`, `slug`, `content`, `risk_factors`, `early_symptoms`, `protection`, `early_detection`, `image`, `video`, `created_at`, `updated_at`) VALUES
(8, 'سرطان الرأس والرقبة', 'srtan-alras-oalaank', '<p>هو مجموعة من السرطانات التي تنشأ في منطقة الرأس والعنق، وهي تصيب الفم والأنف والجيوب الأنفية والبلعوم و الحنجرة و الغدد اللعابية</p>', '<ul>\r\n	<li>التدخين بجميع أشكاله (ويتضمن ذلك مضغ التبغ أو ما يسمى بالسويكة ، والتدخين غير المباشر)</li>\r\n	<li>شرب الكحوليات</li>\r\n	<li>أمراض اللثة والأسنان (ويتضمن ذلك الأسنان المكسورة أو الأسنان الصناعية سيئة التركيب)</li>\r\n	<li>التهابات فيروسية معينة في الفم</li>\r\n	<li>اصابة سابقة بسرطانات الرأسوالعنق</li>\r\n	<li>التعرض للإشعاع بشكل مفرط</li>\r\n	<li>التعرض لبعض المواد الضارة خلال العمل (وخاصة بالنسبة لوظائف معينة كالعمل في قطاعات البناء والمعادن والمنسوجات والسيراميك وقطع الأشجار)</li>\r\n</ul>', '<ul>\r\n	<li>\r\n	<p>يجب عليك استشارة&nbsp;<strong>طبيب الأسنان أو طبيب أمراض الأذن والأنف والحنجرة</strong>&nbsp;فوراً إذا كنت تعاني من أحد الأعراض التالية&nbsp;<strong>بشكل مستديم (مزمن):</strong></p>\r\n	</li>\r\n	<li>انسداد أو نزيف في الأنف</li>\r\n	<li>ألم، قرحة، أو بقع حمراء في اللسان</li>\r\n	<li>قرحة أو بقع حمراء في الفم</li>\r\n	<li>ألم في الحلق</li>\r\n	<li>صعوبة في البلع</li>\r\n	<li>تورّم في الفك أو الرقبة</li>\r\n	<li>تغير في الصوت أو بحة</li>\r\n	<li>سعال</li>\r\n	<li>صعوبة في التنفس</li>\r\n</ul>', '<ul>\r\n	<li>الامتناع والاقلاع عن التدخين ومنتجات التبغ بجميع أشكالها (مضغ التبغ أو السويكة)</li>\r\n	<li>الامتناع عن شرب الكحول</li>\r\n	<li>العناية بصحة الأسنان والفم</li>\r\n	<li>نظام حياة صحي متمثل باتباع نظام غذائي صحي وممارسة النشاط الرياضي</li>\r\n</ul>', '<p>الكشف المبكر عن سرطانات الرأس والعنق في مراحله الأولى ينقذ الحياة</p>\r\n\r\n<p><strong>يجب عليك:</strong></p>\r\n\r\n<ul>\r\n	<li>تحسس جانبي كلاً من العنق و المنطقة تحت الفك السفلي للبحث عن أية ورم أو عدم تطابق في الجانبين</li>\r\n	<li>فحص تجويف الفم واللسان لأية تقرحات، بقع حمراء، أو ورم</li>\r\n	<li>زيارة طبيب الأسنان بشكل دوري<strong>&nbsp;</strong></li>\r\n</ul>\r\n\r\n<p>&nbsp;</p>', 'images/cancers/lsaVYVnJDFI1Pu5vLKjkB5shZpblAA0hH5jz0Wbd.png', NULL, '2021-02-02 12:37:42', '2021-02-09 16:33:41'),
(9, 'سرطانات الأطفال', 'srtanat-alatfal', '<p>هي مجموعة من أنواع السرطانات المختلفة التي تصيب فئة الأطفال.</p>', '<ul>\r\n	<li>الإشعاع البيئي</li>\r\n	<li>الإشعاع أثناء الحمل</li>\r\n	<li>التعرض المفرط للأشعة فوق البنفسجية</li>\r\n	<li>الالتهابات: بعض أنواع سرطانات الأطفال مرتبطة ببعض أنواع الفيروسات.</li>\r\n	<li>تدخين الأم في فترة الحمل أو في الفترة ماقبل الاخصاب أو تعرضها للتدخين السلبي</li>\r\n	<li>الطفرات الجينية الموروثة</li>\r\n</ul>', '<ol>\r\n	<li>نقص مفاجئ في وزن الطفل.</li>\r\n	<li>الصداع، خصوصاً الصداع المزمن، ويتزامن حدوثه في الصباح الباكر بالترافق مع الإقياء.</li>\r\n	<li>آلام مزمنة أو تورم في العظام خاصة في منطقة الظهر والساقين.</li>\r\n	<li>وجود كتلة غير طبيعية خصوصاً إذا كانت غير مصاحبة لإلتهاب و يزداد حجمها خاصة في منطقة البطن والرقبة و الصدر وتحت الإبط.</li>\r\n	<li>تعرض الطفل لنزيف شديد عند إصابته إصابة بسيطة.</li>\r\n	<li>تعرض الطفل لالتهابات متكررة ولفترة طويلة.</li>\r\n	<li>تحول لون بؤبؤ العين الى الابيض.</li>\r\n	<li>غثيان مستمر، أو القيء المتكرر بدون غثيان.</li>\r\n	<li>شحوب شديد وتعب مستمر.</li>\r\n	<li>تغيرات مفاجئة في حدة البصر أو حركة العين.</li>\r\n	<li>الحمى المزمنة أو المتكررة دون معرفة السبب بالتحديد.</li>\r\n</ol>', '<p>يمكنك تقليل خطر اصابة طفلك بالسرطان من خلال:</p>\r\n\r\n<ul>\r\n	<li>تقليل التعرض للإشعاع أثناء الحمل.</li>\r\n	<li>الرضاعة الطبيعية لمدة 6 أشهر على الأقل تقلل خطر اصابة طفلك بالسرطان.</li>\r\n	<li>التأكد من أن طفلك يأخذ جميع اللقاحات المقررة.</li>\r\n	<li>مساعدة أطفالك على تبني أسلوب حياة صحي يتضمن عادات الأكل الصحية والكثير من التمارين الرياضية للحفاظ على وزن صحي:\r\n	<ul>\r\n		<li>استبدال الوجبات الخفيفة غير الصحية بالفواكه والخضروات والمكسرات.</li>\r\n		<li>تشجيع الأطفال على ممارسة الألعاب الحركية بدلاً من الألعاب الالكترونية.</li>\r\n	</ul>\r\n	</li>\r\n	<li>احمي طفلك من التدخين:\r\n	<ul>\r\n		<li>توقفي عن التدخين خلال فترة الحمل.</li>\r\n		<li>بعد الولادة احمي طفلك من التدخين السلبي.</li>\r\n	</ul>\r\n	</li>\r\n	<li>المحافظة على أجواء سعيدة يملؤها الضحك والمتعة في البيت والتي من شأنها تحسين أنظمة المناعة لدى أطفالك.</li>\r\n	<li>استخدم وسائل الوقاية لحماية أطفالك عند تعرضهم للشمس (القبعة، واقي الشمس، النظارات الشمسية، الثياب ذات الأكمام الطويلة).</li>\r\n	<li>المحافظة على نمط النوم الصحي للأطفال.</li>\r\n</ul>', '<ul>\r\n	<li>يجب على الأهل الحرص على متابعة الفحوصات الطبية الدورية لأطفالهم والانتباه لأي علامات مبكرة واخبار الطبيب بها.</li>\r\n	<li>يساعد الفحص الطبي الدوري على اكتشاف السرطان في مرحلة مبكرة وخاصة للفئات الأكثر عرضة للإصابة بالمرض.</li>\r\n</ul>', 'images/cancers/JHDcGtfcZK7jLjoTK2GjJNermSC1gOHCSE1jpObP.png', NULL, '2021-02-09 16:35:51', '2021-02-09 16:35:51'),
(10, 'سرطان البروستات', 'srtan-albrostat', '<p>يبدأ سرطان البروستات عندما تنمو خلايا غدة البروستات بشكل غير مسيطر عليه. والبروستات هي غدة متوضعة في الطرق البولية السفلية تحت المثانة وحول الاحليل (مجرى البول، سرطان البروستات عادة ينمو ببطء ولكن أحياناً ينمو وينتشر بسرعة.</p>', '<p>سرطان البروستات عادة في المراحل المبكرة يكون بدون أعراض، أما المراحل المتقدمة منه فتسبب أعراض في معظم الحلات، هذه الأعراض ليست بالضرورة ان تكون اعراض للإصابة بسرطان البروستات ومن الممكن أن تكون بسبب ضخامة البروستات السليمة أو التهاب.</p>\r\n\r\n<p>بسبب هذا فإنه من المهم أن تزور طبيبك لتعرف ماهو مسبب هذه الأعراض.</p>\r\n\r\n<ul>\r\n	<li>مشاكل في التبول، ضعف أو تقطع تدفق البول، ألم أثناء التبول، عدم القدرة على التبول، شعور بان إفراغ المثانة غير كامل، الحاجة الشديدة إلى التبول، أو الحاجة إلى التبول بشكل متكرر وخاصة في الليل.</li>\r\n	<li>الدم في البول أو السائل المنوي.</li>\r\n	<li>اضطرابات في الجهاز التناسلي الذكري</li>\r\n	<li>ألم ثابت في الحوض، أسفل الظهر، الصدر (ألأضلاع)، أو مناطق أخرى انتقل السرطان إلى عظامها.</li>\r\n	<li>ضعف او خدر في الأرجل او الأقدام، أو حتى عدم التحكم بالبول أو البراز بسبب السرطان الذي يضغط على الأعصاب.</li>\r\n</ul>', '<ul>\r\n	<li>العمر:</li>\r\n</ul>\r\n\r\n<p>احتمال الإصابة بسرطان البروستات تزداد بعد عمر الخمسين سنة.</p>\r\n\r\n<ul>\r\n	<li>العرْق:</li>\r\n</ul>\r\n\r\n<p>سرطان البروستات أكثر شيوعاً في الرجال الأفارقة الأمريكيين مقارنة بباقي الرجال من العروق الأخرى.</p>\r\n\r\n<ul>\r\n	<li>التاريخ العائلي للمرض:</li>\r\n</ul>\r\n\r\n<p>وجود أب أو أخ مصاب بسرطان البروستات يزيد احتمال إصابة الرجل بسرطان البروستات أكثر من الضعف ن كما ان خطر الإصابة بسرطان البروستات أعلى بكثير عند الرجال الذين لديهم أكثر من قريب مصاب بهذا السرطان وبشكل خاص إذا تم تشخيصهم به في عمر صغير (أصغر من 65 سنة).</p>\r\n\r\n<ul>\r\n	<li>نمط الغذاء:</li>\r\n</ul>\r\n\r\n<p>الرجال الذين يأكلون الكثير من اللحم الأحمر أو منتجات الحليب العالية الدسم لديهم احتمال أعلى بقليل للإصابة بسرطان البروستات وبشكل خاص أنهم عادة يأكلون كميات قليلة من الخضار و الفواكه.</p>\r\n\r\n<ul>\r\n	<li>البدانة:</li>\r\n</ul>\r\n\r\n<p>الرجال البدينين لديهم احتمال أكبر للإصابة بسرطان البروستات ذو النمط عالي الخطورة.</p>\r\n\r\n<ul>\r\n	<li>التدخين:</li>\r\n</ul>\r\n\r\n<p>التدخين يرتبط بزيادة نسبة الوفاة من سرطان البروستات.</p>\r\n\r\n<ul>\r\n	<li>التعرض للمواد الكيماوية:</li>\r\n</ul>\r\n\r\n<p>رجال الإطفاء من الممكن أن يتعرضوا لمواد كيماوية بدورها تزيد احتمال الإصابة بسرطان البروستات.</p>\r\n\r\n<ul>\r\n	<li>التهاب غدة البروستات:</li>\r\n</ul>\r\n\r\n<p>التهاب غدة البروستات من الممكن أن يزيد نسبة الإصابة بسرطان البروستات.</p>', '<ul>\r\n	<li>احتمال إصابة الرجال الذين يمارسون الرياضة بشكل منتظم بسرطان البروستات أقل</li>\r\n	<li>النظام الغذائي الذي يحتوي على نسبة عالية من بعض الخضروات (الطماطم، الخضروات ذات الأوراق الخضراء، الصويا، الفاصولياء، البقوليات) أو السمك مرتبط باحتمال أقل للإصابة بسرطان البروستات.</li>\r\n	<li>المحافظة على وزن صحي.</li>\r\n</ul>', '<p>من الممكن الكشف عن سرطان البروستات بشكل مبكر من خلال فحص مستوى مستضد البروستات النوعي (PSA) في دم الرجل أو فحص الطبيب لغدة البروستات.</p>\r\n\r\n<p>إذا كان مستوى مستضد البروستات النوعي (PSA) في دمك مرتفع أو فحص الطبيب لغدة البروستات غير طبيعي، فهذا يعني أن الخلايا في غدة البروستات في حالة غير طبيعية ، من الممكن أن يكون هذا بسبب ورم في البروستات، ولكن أيضاً من الممكن أن يكون بسبب التهاب أو الضخامة السليمة لغدة البروستات.</p>\r\n\r\n<p>ينصح الرجل ان يقوم بعمل فحوصات الكشف المبكر لسرطان البروستات في الأوقات التالية:</p>\r\n\r\n<ul>\r\n	<li>في عمر 50 سنة للرجال بدون وجود تاريخ عائلي للإصابة بسرطان البروستات، من غير أصل أفريقي أمريكي، و بدون أعراض سرطان البروستات.</li>\r\n	<li>في عمر 45 سنة للرجال من أصل أفريقي أمريكي أو لديهم قريب من الدرجة الأولى (أب، أخ، أو ابن) تم تشخيصه بسرطان البروستات في عمر مبكر أصغر من 65 سنة.</li>\r\n	<li>في عمر 40 سنة للرجال الذين لديهم أكثر قريب من الدرجة الأولى (أب، أخ، أو ابن) تم تشخيصه بسرطان البروستات في عمر مبكر أصغر من 65 سنة.</li>\r\n	<li>في أي عمر في حال وجود أعراض تحذيرية لسرطان البروستات.</li>\r\n</ul>\r\n\r\n<p>سوف يقوم طبيبك بالاستناد إلى نتائج هذه الفحوصات، بالإضافة لعمرك، ووجود أعراض تحذيرية لسرطان البروستات، والتاريخ العائلي لسرطان البروستات، وذلك لتقدير خطر اصابتك بسرطان البروستات ، فإذا كان خطر اصابتك عالي من الممكن أن تحتاج خزعة من غدة البروستات للتأكد إذا كان لديك ورم أم لا.</p>', 'images/cancers/f6Luvb9KsPbK50RO5AGxUXWZwXZfIsLhVrjvGdV4.png', NULL, '2021-02-09 16:37:35', '2021-02-09 16:37:35'),
(11, 'سرطان الثدي', 'srtan-althdy', '<p>هو نمو غير مسيطر عليه لخلايا غير طبيعية في أنسجة الثدي، والتي تنمو وتنقسم بسرعة أكبر من الخلايا السليمة.</p>', '<p><strong>عوامل لا يمكن التدخل بها:</strong></p>\r\n\r\n<ul>\r\n	<li>الجنس (الإناث عرضة للإصابة 100مرة أكثر من الرجال)</li>\r\n	<li>العمر (خاصة الفئة العمرية 55 سنه فما فوق)</li>\r\n	<li>تاريخ عائلي بالاصابة بسرطان الثدي (قرابة من الدرجة الأولى: الام، الاخت، الابنة)</li>\r\n	<li>تاريخ اصابة سابقة بالمرض</li>\r\n	<li>حوالي 5٪ إلى 10٪ من حالات سرطان الثدي وراثي</li>\r\n	<li>بدء الحيض في سن مبكر(قبل سن 12 سنة) اوانقطاع الطمث بعد سن (55 سنة).</li>\r\n	<li>اذا كانت خلايا الثدي لديك كثيفة, وهو ما يعني أن لديك الكثير من الأنسجة الليفية أو الغدية وليس الأنسجة الدهنية ، يساعدك فحص الماموجرام على تحديد نوع هذه الكثافة</li>\r\n</ul>\r\n\r\n<hr />\r\n<p><strong>عوامل يمكن التدخل بها:</strong></p>\r\n\r\n<ul>\r\n	<li>العلاج الهرموني (وسائل منع الحمل الهرمونية، والسيدات اللاتي يتلقين العلاجات الهرمونية البديلة)</li>\r\n	<li>السمنة</li>\r\n	<li>التعرض للإشعاع (علاجي أو بيئي)</li>\r\n	<li>التدخين وشرب الكحول</li>\r\n	<li>السيدات اللاتي لم ينجبن أو أنجبن الطفل الأول بعد عمر 30 سنة</li>\r\n	<li>السيدات اللاتي لم يقمن بالرضاعة الطبيعية.</li>\r\n	<li>عدم ممارسة التمارين الرياضية</li>\r\n</ul>', '<ul>\r\n	<li>كتلة في الثدي تختلف عن أنسجة الثدي الأخرى</li>\r\n	<li>كتلة أو اكثر تحت الابط</li>\r\n	<li>تغيرات في شكل أو حجم أحد الثديين</li>\r\n	<li>تغير في بشرة الثدي مثل الاحمرار، التجاعيد، سخونة في الثدي، عروق واضحة، حكة</li>\r\n	<li>ألم أو تغيرات في حلمة الثدي مثل حلمة منقلبة للداخل، تقرحات أو إفرازت غريبة</li>\r\n</ul>', '<p><strong>كيف يمكن تقليل خطر الإصابة بسرطان الثدي:</strong></p>\r\n\r\n<ul>\r\n	<li>ممارسة النشاط البدني بانتظام لمدة 20-30 دقيقة بمعدل خمس أيام في الأسبوع.</li>\r\n	<li>&nbsp;المحافظة على وزن صحي</li>\r\n	<li>الامتناع عن شرب الكحول والامتناع عن التدخين</li>\r\n	<li>الرضاعة الطبيعية لمدة لا تقل عن ستة أشهر</li>\r\n	<li>الكشف عن سرطان الثدي في وقت مبكر</li>\r\n	<li>تقليل التعرض للإشعاعات والتلوث البيئي</li>\r\n	<li>الحد من استخدام العلاجات الهرمونية (وسائل منع الحمل الهرمونية، والسيدات اللاتي يتلقين العلاجات الهرمونية البديلة)</li>\r\n</ul>', '<ul>\r\n	<li>\r\n	<p>كان عمرك 20 سنه فما فوق ، ابدئي بعمل الفحص السريريعند الطبيب بشكل دوري</p>\r\n	</li>\r\n	<li>\r\n	<p>كان عمرك بين 45 و 69 ولا تعانين من أي أعراض، ابدئي بعمل فحص الماموجرام كل 3 سنوات</p>\r\n	</li>\r\n	<li>\r\n	<p>وجود تاريخ طبي في العائلة بمرض سرطان الثدي</p>\r\n	</li>\r\n	<li>\r\n	<p>وجود كتلة في الثدي (حميدة أو خبيثة) سابقاً</p>\r\n	</li>\r\n	<li>\r\n	<p>الاستعداد الوراثي للإصابة بسرطان الثدي</p>\r\n	</li>\r\n</ul>', 'images/cancers/PaYhrl8hDzJ9W3JDnMo1JkD4DEil5W1dw5woqyYs.png', NULL, '2021-02-09 16:40:22', '2021-02-09 16:40:22'),
(12, 'سرطان القولون', 'srtan-alkolon', '<p>هو نمو غير مسيطر عليه للخلايا في القولون أو المستقيم.</p>\r\n\r\n<p>معظم سرطانات القولون والمستقيم تبدأ كنمو للخلايا يسمى زوائد لحمية حميدة على البطانة الداخلية للقولون أو المستقيم ، وبعض أنواع الزوائد الحميدة يمكن أن تتغير إلى سرطان على مدى عدة سنوات، ولكن ليس بالضرورة ان كل الزوائد اللحمية الحميدة تصبح سرطان.</p>', '<p><strong>عوامل لا يمكن تغييرها</strong></p>\r\n\r\n<ul>\r\n	<li><strong>العمر<br />\r\n	معدلات الإصابة والوفاة بسرطان القولون والمستقيم تزيد مع تقدم العمر (50 سنة فما فوق)</strong></li>\r\n	<li>الجنس<br />\r\n	حدوث سرطان القولون والمستقيم ومعدلات الوفيات فيه أعلى في الرجال عنه في النساء.</li>\r\n</ul>\r\n\r\n<ul>\r\n	<li>التاريخ العائلي للمرض</li>\r\n</ul>\r\n\r\n<ul>\r\n	<li>قرابة من الدرجة الأولى (أب/أم، أخ/أخت، ابن/ابنة). حيث أن خطر الإصابة يزداد في حال إصابة أكثر من شخص من العائلة من قرابة الدرجة الأولى أو في حالة إصابة قريب قبل سن ال 45 عاماً.</li>\r\n</ul>\r\n\r\n<ul>\r\n	<li>أمراض الأمعاء الالتهابية المزمنة</li>\r\n</ul>\r\n\r\n<ul>\r\n	<li>مرض كرون</li>\r\n</ul>\r\n\r\n<ul>\r\n	<li>التهاب القولون التقرحي</li>\r\n</ul>\r\n\r\n<ul>\r\n	<li>السكري نمط 2</li>\r\n</ul>\r\n\r\n<ul>\r\n	<li>تاريخ إصابة بحليمات القولون</li>\r\n</ul>\r\n\r\n<hr />\r\n<p><strong>عوامل يمكن تغييرها</strong></p>\r\n\r\n<ul>\r\n	<li>التدخين.</li>\r\n	<li>السمنة.</li>\r\n	<li>شرب الكحول</li>\r\n	<li>الأكل غير الصحي</li>\r\n	<li>قلة النشاط الحركي</li>\r\n</ul>', '<p><strong>راجع طبيبك إذا كان لديك أياً من هذه العلامات التحذيرية:</strong></p>\r\n\r\n<ul>\r\n	<li><strong>نزيف من المستقيم.</strong></li>\r\n</ul>\r\n\r\n<ul>\r\n	<li>الدم في البراز والذي &nbsp;يمكن أن يغير لون البراز الى &nbsp;غامق أو أسود</li>\r\n</ul>\r\n\r\n<ul>\r\n	<li>تغيير في شكل البراز</li>\r\n</ul>\r\n\r\n<ul>\r\n	<li>التشنج وألم في البطن</li>\r\n</ul>\r\n\r\n<ul>\r\n	<li>شعور بعدم الارتياح أو رغبة ملحة لحركة الأمعاء &nbsp;في وقت ليس به حاجة فعلية</li>\r\n</ul>\r\n\r\n<ul>\r\n	<li>ظهور الإمساك أو الإسهال الذي يستمر لأكثر من بضعة أيام</li>\r\n</ul>\r\n\r\n<ul>\r\n	<li>فقدان الوزن غير المتعمد</li>\r\n</ul>\r\n\r\n<ul>\r\n	<li>الإعياء والضعف العام</li>\r\n</ul>', '<p><strong>ماذا يجب عليّ فعله للتقليل من خطر الإصابة بسرطان الأمعاء؟</strong></p>\r\n\r\n<p>إلى جانب الكشف المبكر؛ يمكنك تبني خيارات معينة لنمط حياتك للتقليل من تعرضك للخطر:</p>\r\n\r\n<ul>\r\n	<li>عدم &nbsp;التدخين : يزيد التدخين من خطر &nbsp;الإصابة بجميع سرطانات الجهاز الهضمي بما في ذلك سرطان الأمعاء، &nbsp;الإقلاع عن التدخين يعود بفوائد هائلة على صحتك بوجه عام.</li>\r\n	<li>التحكم في الوزن: فالسمنة تزيد من مخاطر الإصابة بسرطان الأمعاء، وتشير الأرقام إلى أنه كلما استطعت خفض الوزن الزائد عن المستوى الطبيعي بخمس نقاط كلما انخفض معه خطر اصابتك بالمرض بنسبة 15%.، على سبيل المثال؛ تراجع مؤشر كتلة الجسم من 35 إلى 30 ينتج عنه انخفاض مستوى الخطر بنسبة 15%</li>\r\n	<li>ممارسة التمارين الرياضية على الأقل 150 دقيقة أسبوعياً، فالنشاط البدني له أثر وقائي واضح على خطر الإصابة بسرطان الأمعاء.</li>\r\n	<li>الحد من تناول اللحوم الحمراء، فقد كشفت الدراسات أن خطر الإصابة بسرطان الأمعاء يزيد بنسبة 17-30% مقابل تناول 100-120 جرام من اللحوم الحمراء يومياً.</li>\r\n	<li>مضادات الأكسدة والألياف الموجودة في الخضروات الورقية الخضراء، والبنجر والقرع والفلفل والطماطم والهليون والجزر والقرنبيط والملفوف والبروكلي والفاصوليا الخضراء والفواكه، تحتوي جميعها على أثر وقائي ضد سرطان الأمعاء.</li>\r\n	<li>الإكثار من تناول الأطعمة الغنية بالألياف مثل الفاصوليا والبذور والمكسرات والشوفان والحمص الجاف المحمص وحبوب النخالة والتي تطرد المسرطنات من الجسم.</li>\r\n	<li>تجنّب التعرّض للتلوث البيئي والاشعاعي.</li>\r\n	<li>الامتناع عن تناول الكحول.</li>\r\n</ul>', '<h3>الكشف المبكر للسرطان يقي من الإصابة به ويرفع من معدلات نجاح العلاج</h3>', 'images/cancers/8GFu0R4JyI3uCJR9tIPtuMhXmDc1dj489wvrA6ZL.png', NULL, '2021-02-09 16:47:03', '2021-02-09 16:47:03'),
(13, 'سرطان عنق الرحم', 'srtan-aank-alrhm', '<p>هو نمو غير طبيعي لخلايا عنق الرحم، وقد يصيب أي امرأه خاصة ما بين عمر 20- 50 سنة، وعنق الرحم&nbsp; هو العضو الذي يربط الرحم بالمهبل.</p>', '<ul>\r\n	<li>الإصابة بفيروس الورم الحليمي البشري.</li>\r\n	<li>التدخين.</li>\r\n	<li>التهابات عنق الرحم المتكررة.</li>\r\n	<li>تاريخ عائلي بالإصابة بسرطان عنق الرحم.</li>\r\n	<li>إنجاب 3 أطفال أو أكثر.</li>\r\n	<li>استخدام موانع الحمل لمدة طويلة.</li>\r\n	<li>عدم الالتزام بالفحص المبكر.</li>\r\n</ul>', '<ul>\r\n	<li>نزيف مهبلي غير طبيعي</li>\r\n	<li>إفرازات مهبلية غير طبيعية</li>\r\n	<li>ألم في الحوض</li>\r\n	<li>ألم عند الجماع</li>\r\n</ul>', '<ul>\r\n	<li>مسحة عنق الرحم.</li>\r\n	<li>فحص فيروس الورم الحليمي البشري.</li>\r\n	<li>مطعوم فيروس الورم الحليمي البشري (للفتيات ابتداءً من عمر 15 سنة).</li>\r\n	<li>التوقف عن التدخين.</li>\r\n	<li>تناول الغذاء الصحي.</li>\r\n	<li>ممارسة التمارين الرياضة.</li>\r\n</ul>', '<p>قد لا تظهر أية أعراض لسرطان عنق الرحم إلا في المراحل المتقدمة ، لذلك من المهم الالتزام بالفحوصات المبكرة وبشكل دوري حتى وإن لم يكن هناك أية أعراض، و يتم الكشف المبكر عن سرطان عنق الرحم باختبار يسمى اختبار مسحة عنق الرحم.</p>\r\n\r\n<p><strong>ما هي مسحة عنق الرحم :</strong></p>\r\n\r\n<p>مسحة عنق الرحم: هي فحص بسيط تقوم به طبيبتك المختصة وأفضل وقت لاجرائها هو اليوم 10-14 من بداية الدورة الشهرية.</p>\r\n\r\n<p>متى يجب إجراء مسحة عنق الرحم :</p>\r\n\r\n<ul>\r\n	<li>\r\n	<ul>\r\n		<li>\r\n		<ul>\r\n			<li>أول مسحة لعنق الرحم يجب ان تكون بعد 3 سنوات من الزواج ، وإذا كان العمر 21 سنة فما فوق :</li>\r\n			<li>إجراء مسحة عنق الرحم كل ثلاث سنوات بشكل دوري حتى عمر 65 سنة&nbsp; .</li>\r\n			<li>بعد عمر 65 توقفي عن إجراء المسحة إذا كانت نتيجة أخر 3 مسحات سليمة</li>\r\n		</ul>\r\n		</li>\r\n	</ul>\r\n	</li>\r\n</ul>', 'images/cancers/oK20WowKygwvZk4RttWt8WLJtvgDPP4rTpIAWF1U.png', NULL, '2021-02-09 16:50:04', '2021-02-09 16:50:04'),
(14, 'سرطان الجلد', 'srtan-aljld', '<p><strong>هو نمو غير مسيطر عليه لخلايا أي طبقة من طبقات الجلد وقد يحدث في أي مكان في الجسم.</strong></p>', '<ol>\r\n	<li>الأشعة فوق البنفسجية:</li>\r\n</ol>\r\n\r\n<p>التعرض للأشعة فوق البنفسجية هو عامل رئيسي من عوامل الخطورة للإصابة بسرطان الجلد، حيث تدمر الأشعة فوق البنفسجية جينات في خلايا الجلد، مما يساهم في حدوث سرطان الجلد خاصة عند تدمير الجينات المسؤولة عن نمو هذه الخلايا، من أهم مصادرها:</p>\r\n\r\n<ul>\r\n	<li>أشعة الشمس : هي المصدر الرئيسي للأشعة فوق البنفسجية</li>\r\n	<li>أجهزة التسمير : هي مصدر صناعي للأشعة فوق البنفسجية</li>\r\n</ul>\r\n\r\n<ol>\r\n	<li>التعرض للكيماويات:</li>\r\n</ol>\r\n\r\n<p>التعرض لبعض المواد الكيميائية وخاصة في أماكن العمل بما في ذلك الزرنيخ والقطران الصناعي والفحم والبارافين وأنواع معينة من النفط قد يزيد من خطر الإصابة بأنواع معينة من سرطان الجلد.</p>\r\n\r\n<ol>\r\n	<li>البشرة الفاتحة (سهلة الحرق بالشمس):</li>\r\n</ol>\r\n\r\n<p>يزداد خطر الإصابة بسرطان الجلد عند الأشخاص أصحاب البشرة الفاتحة أكثر منه عند أصحاب البشرة الداكنة&nbsp;، والسبب في ذلك هو صبغة الميلانين&nbsp; التي تكون&nbsp; أعلى عند أصحاب البشرة الداكنة منه عند أصحاب البشرة الفاتحة ،&nbsp;الامر الذي &nbsp;يساعد على الحماية من &nbsp;الأشعة فوق البنفسجية.</p>\r\n\r\n<ol>\r\n	<li>فيروس الورم الحليمي البشري:</li>\r\n</ol>\r\n\r\n<p>العدوى بأنواع معينة من فيروس الورم الحليمي البشري، وخاصة تلك التي تؤثر على منطقة الشرج أو الأعضاء التناسلية، قد يزيد مخاطر الإصابة بسرطان الجلد.</p>', '<ul>\r\n	<li>جروح لا تلتئم.</li>\r\n	<li>تغير في الاحساس بمنطقة من الجلد أو الألم عند الضغط عليها أو بدونه.</li>\r\n	<li>وجود مناطق باهتة أو صفراء في جلدك تشبه الندبة.</li>\r\n	<li>نمو أي كتل صغيرة جديدة على الجلد ذات اللون الوردي أو الأحمر، أو درنات شفافة ولامعة التي قد يكون لها مناطق ذات اللون الأزرق أوالبني أوالأسود.</li>\r\n	<li>نمو شامات جديدة أوأية تغييرات في الشامات الموجودة في الحجم والشكل أو اللون.</li>\r\n</ul>\r\n\r\n<p>يمكنك استخدام قاعدة&nbsp;ABCDE&nbsp;لفحص أي شامة أو وحمة لديك:</p>\r\n\r\n<p><strong>A</strong>&nbsp;= عدم التناظر:&nbsp; نصف الشامة أو الوحمة لا يتطابق مع النصف الآخر.</p>\r\n\r\n<p><strong>B</strong>&nbsp;= الحدود:&nbsp; الحواف غير منتظمة أو خشنة أوغير واضحة.</p>\r\n\r\n<p><strong>C</strong>&nbsp;= اللون: الشامة أو الوحمةغير موحدة اللون؛ حيث يمكن أن تشمل ظلال بقع بنية أو سوداء، أو في بعض الأحيان قد يوجد فيها اللون الوردي أوالأحمر أوالأبيض أو الأزرق.</p>\r\n\r\n<p><strong>D</strong>&nbsp;= القطر: &nbsp;قطر شامة أكبر من ستة ملم (حوالي حجم ممحاة قلم رصاص).</p>\r\n\r\n<p><strong>E</strong>&nbsp;= التطور:&nbsp; الشامة التي تغير شكلها، لونها ، حجمها، أو تنزف، &nbsp;أوغير ذلك، يجب أن تثير الشكوك.</p>', '<p>كن ذكياً عند تعرضك للشمس:</p>\r\n\r\n<p>من أهم عوامل الخطورة للإصابة بسرطان الجلد هو الأشعة فوق البنفسجية، الشمس هي أهم مصدر لهذه الأشعة ، &nbsp;لذا يجب تجنب التعرض المباشر لها في الفترة ما بين العاشرة صباحاً وحتى الرابعة عصراً , &nbsp;ولكن في الوقت نفسة لاتنسى أهمية الشمس كمصدر أساسي لفيتامين د , وهناك بعض الخطوات المهمة لتحد من تعرضك لهذه الأشعة:</p>\r\n\r\n<ul>\r\n	<li>ابحث عن الظل: استفد من الأشجار والأبنية العالية.</li>\r\n	<li>ارتدي الملابس الواقية من الشمس: اختر الملابس التي تغطي أكبر قدر ممكن من الجلد كالأكمام الطويلة والبناطيل.</li>\r\n	<li>استخدام القبعة واسعة الحواف: حيث توفر حماية جيدة للوجه والأنف والعنق و الأذنين.</li>\r\n	<li>استخدم واقي الشمس:</li>\r\n</ul>\r\n\r\n<ol>\r\n	<li>واقي الشمس هو منتج تضعه على بشرتك لحمايتها من أشعة الشمس فوق البنفسجية، ومن الضروري التأكيد على أن واقي الشمس هو مرشح (منقي) للأشعة فوق البنفسجية ولا يمنعها جميعها.</li>\r\n	<li>تأكد من وضع واقي الشمس بالشكل الصحيح متبعاً التعليمات على المنتج.</li>\r\n	<li>لا تنسى الاهتمام بوضع واقي الشمس على الوجه والأذنين والرقبة والذراعين، وأية مناطق أخرى لا تغطيها الملابس.</li>\r\n	<li>. قم بوضع واقي الشمس بشكل وافر على البشرة النظيفة والجافة على الأقل 20 دقيقة قبل الذهاب إلى الخارج و كرر وضعه كل ساعتين.</li>\r\n	<li>اسأل طبيبك لاختيار نوع مناسب لبشرتك.</li>\r\n</ol>\r\n\r\n<ul>\r\n	<li>استخدم النظارات الشمسية:</li>\r\n</ul>\r\n\r\n<p>&nbsp;النظارات الشمسية مهمة جدا لحماية العينين والجلد الحساس المحيط بهما.</p>\r\n\r\n<ul>\r\n	<li>حماية الأطفال من أشعة الشمس:</li>\r\n</ul>\r\n\r\n<p>باستخدام كافة الاحتياطات (واقي الشمس , النظارات الشمسية , القبعة , الملابس الواقية) وخاصة في المدارس والرحلات البحرية.</p>', '<ul>\r\n	<li>افحص جلدك عند الطبيب كجزء من الفحص الدوري للكشف المبكر عن السرطان.</li>\r\n	<li>الفحص الذاتي للجلد: من الضروري اجراء الفحص الذاتي للجلد مره واحدة شهرياً، ويفضل إجراء هذا الفحص في غرفة جيدة الإضاءة و أمام مرآه طويلة، يمكنك أيضاً استخدام المرآة المحمولة لفحص الأماكن المخفية كالظهر والفخذين؛ كما يمكنك الاستعانة بأحد اصدقائك أو أفراد عائلتك لفحص الأماكن الصعبة كفروة الرأس والظهر.</li>\r\n</ul>\r\n\r\n<p>&nbsp;</p>\r\n\r\n<ul>\r\n	<li><strong>خطوات الفحص الذاتي للجلد:</strong></li>\r\n	<li>قف أمام المرآة وارفع يديك للأعلى وافحص الجهة الأمامية والخلفية من جسمك ثم الجانبين الأيمن والأيسر.</li>\r\n	<li>اثني الكوع وافحص الذراعين وتحت الأبطين وباطن الكفين.</li>\r\n	<li>افحص ظهر الساقين والقدمين، والفراغات بين أصابع قدميك.</li>\r\n	<li>باستخدام مرآة اليد المحمولة افحص العنق من الخلف وفروة الرأس.</li>\r\n	<li>افحص ظهرك والأرداف باستخدام مرآة اليد المحمولة.</li>\r\n</ul>', 'images/cancers/0My5L3XtnBECPbUY5XQdyItWKBpK0w71hp8q3S83.png', NULL, '2021-03-23 17:15:21', '2021-03-23 17:18:26'),
(15, 'سرطان الغدة الدرقية', 'srtan-alghd-aldrky', '<p><strong>هو نمو غير طبيعي لخلايا الغدة الدرقية الموجودة أسفل تفاحة آدم في الجزء الأمامي من الرقبة.</strong></p>', '<p><strong>عوامل يمكن تغييرها</strong></p>\r\n\r\n<ol>\r\n	<li>&nbsp;<strong>نظام غذائي قليل اليود</strong>: سرطان الغدة الدرقية الجريبي أكثر شيوعاً في مناطق العالم حيث النظام الغذائي منخفض اليود.</li>\r\n	<li><strong>التعرض للإشعاع البيئي</strong>&nbsp;(كمحطات الطاقة، الأسلحة النووية) ، الإشعاع العلاجي ( كعلاج الرأس والرقبة بالإشعاع في مرحلة الطفولة ).</li>\r\n</ol>\r\n\r\n<hr />\r\n<p><strong>عوامل لا يمكن تغييرها</strong></p>\r\n\r\n<ol>\r\n	<li>&nbsp;<strong>العمر:&nbsp;</strong>يمكن أن يحدث سرطان الغدة الدرقية في أي سن ولكن يزداد خطر الإصابة لدى النساء في عمر ( 50-40 ) سنة والرجال من عمر (70-60)سنة</li>\r\n	<li><strong>الجنس:&nbsp;</strong>احتمال إصابة النساء بسرطان الغدة الدرقية ثلاثة أضعاف احتمال إصابة الرجل</li>\r\n	<li><strong>تاريخ عائلي بالإصابة بسرطان الغدة</strong>&nbsp;<strong>الدرقية</strong>: (قرابة من الدرجة الأولى الأم , الأب, الأخ, الأخت, الابن)</li>\r\n</ol>', '<ul>\r\n	<li>ظهور كتلة في الرقبة يتزايد حجمها في بعض الأحيان</li>\r\n	<li>انتفاخ في الرقبة</li>\r\n	<li>&nbsp;ألم في الجزء الأمامي من الرقبة يصل في بعض الأحيان إلى الأذنين</li>\r\n	<li>&nbsp;تغيير في الصوت كالبحة أو الخشونة</li>\r\n	<li>&nbsp;صعوبة في البلع</li>\r\n	<li>&nbsp;صعوبة في التنفس</li>\r\n	<li>&nbsp;السعال المستمر غير المصحوب بنزلات البرد</li>\r\n</ul>', '<ul>\r\n	<li>تقليل التعرض للإشعاعات والتلوث البيئي &nbsp;</li>\r\n	<li>&nbsp;الاختبارات الجينية للمرضى الذين يعانون من سرطان الغدة النخامي والذين لديهم تاريخ عائلي للمرض &nbsp;</li>\r\n	<li>&nbsp;الجراحة الوقائية للأشخاص الذين لديهم تاريخ عائلي للإصابة بسرطان الغدة الدرقية (سرطان الغدة الدرقية النخاعي )</li>\r\n	<li>&nbsp;نظام غذائي صحي عالي اليود (الحليب، المأكولات البحرية , الملح المعالج باليود ,التونة , البيض ,الزبادي , الموز , الفراولة , الذرة , التوت البري ,الفاصولياء الخضراء )</li>\r\n</ul>', '<p>يوصي بأن يقوم الأشخاص بفحص أعناقهم مرتين في السنة للتأكد من وجود أي نمو أو تكتل.</p>\r\n\r\n<ul>\r\n	<li>فحوصات الدم للكشف عن أي مستويات غير طبيعية (عالية جداً أو منخفضة جداً) لهرمون محفز الدرقية (TSH)</li>\r\n	<li>صور الأمواج فوق الصوتية</li>\r\n	<li>المسح الإشعاعي باليود للغدة الدرقية</li>\r\n</ul>', 'images/cancers/xWgNjqy925XyAABK1qrbqcvw7CxkOtQUi40o9Ude.png', NULL, '2021-03-23 17:18:03', '2021-03-23 17:18:03'),
(16, 'سرطان الكبد', 'srtan-alkbd', '<p><strong>نمو غير مسيطر عليه لخلايا غير طبيعية في أنسجة الكبد (سرطان الكبد الأولي) أو نمو لخلايا غير طبيعية انتشرت من أعضاء أخرى إلى الكبد (سرطان الكبد المنتشر).</strong></p>', '<ol>\r\n	<li><strong>الجنس:&nbsp;</strong>سرطان الكبد أكثر شيوعاً لدى الرجال من النساء.</li>\r\n	<li><strong>العمر:&nbsp;</strong>أكثر شيوعاً لدى كبار السن. معظم الأشخاص الذين تم تشخيصهم بعمر 55 سنه فما فوق.</li>\r\n	<li><strong>التهاب الكبد الفيروسي المزمن B&amp;C:&nbsp;</strong>يمكن أن تؤدي هذه الالتهابات إلى تليف الكبد وسرطان الكبد.</li>\r\n	<li><strong>تليف الكبد:&nbsp;</strong>يحدث هذا المرض عندما تصبح خلايا الكبد تالفة وتستبدل بنسيج ليفي (ندبة).</li>\r\n	<li><strong>تناول الكحول</strong></li>\r\n	<li><strong>السمنة:&nbsp;</strong>يمكن أن تؤدي إلى مرض الكبد الدهني وتليف الكبد.</li>\r\n	<li><strong>&nbsp;تعاطي التبغ.</strong></li>\r\n	<li><strong>&nbsp;مرض السكري (النوع الثاني)</strong>: يميل الأشخاص المصابون بمرض السكري من النوع الثاني إلى زيادة الوزن أو السمنة, مما قد يؤدي إلى مشاكل صحية في الكبد.</li>\r\n	<li><strong>التعرض للمواد الكيماوية في العمل.</strong></li>\r\n</ol>', '<ul>\r\n	<li>نقصان في الوزن (غير المتعمد)</li>\r\n	<li>فقدان الشهية</li>\r\n	<li>الشعور بالشبع بعد تناول وجبة خفيفة</li>\r\n	<li>غثيان أو قيء</li>\r\n	<li>الشعور العام بالإرهاق والتعب</li>\r\n	<li>ألم في البطن أو الجهة القريبة من الكتف الأيمن</li>\r\n	<li>حكة</li>\r\n	<li>براز لونه أبيض ( مثل الطباشير)</li>\r\n	<li>اصفرار الجلد والعينين (اليرقان)</li>\r\n	<li>تضخم الكبد والطحال</li>\r\n</ul>', '<ul>\r\n	<li>الابتعاد عن التدخين</li>\r\n	<li>تجنب تناول الكحول</li>\r\n	<li>الحفاظ على وزن صحي</li>\r\n	<li>القيام بالنشاط البدني (على الأقل 30 دقيقة في اليوم/ خمس مرات في الأسبوع)</li>\r\n	<li>الوقاية من الإصابة بالتهاب الكبد C&amp;B عن طريق:\r\n	<ol>\r\n		<li>التطعيم ضد فيروس الكبد الوبائي B</li>\r\n		<li>عدم مشاركة شفرات الحلاقة أو فرشاة الأسنان أو أي أشياء شخصية أخرى.</li>\r\n		<li>مراجعة الطبيب في حال تعرضت للدم أو وخز الإبرالملوثة أثناء العمل.</li>\r\n	</ol>\r\n	</li>\r\n	<li>تناول الغذاء الصحي الذي يحتوي على جميع المجموعات الغذائية مثل الحبوب والفواكه والخضروات واللحوم والبقوليات والحليب ومشتقاته.</li>\r\n	<li>القيام بعمل فحوصات طبية دورية.</li>\r\n	<li>تجنب استنشاق أو لمس المواد الكيماوية السامة.</li>\r\n</ul>', '<p>من الصعب اكتشاف سرطان الكبد بشكل مبكر نظراً لأن الأعراض والعلامات لا تظهر في مراحل مبكرة من المرض. لذلك ينصح بعمل فحص طبي بشكل دوري لدى الطبيب.</p>', 'images/cancers/nRMJNyBfoE7byGP5T1KR1esH3DY0vgfPgyrgszNi.png', NULL, '2021-03-23 17:20:28', '2021-03-23 17:20:28'),
(17, 'سرطان الرئة', 'srtan-alre', '<p>هو نمو غير طبيعي لخلايا إحدى الرئتين أو كلاهما</p>', '<p><strong>التدخين:</strong></p>\r\n\r\n<ul>\r\n	<li>80٪ على الأقل من مجموع وفيات سرطان الرئة تنجم عن التدخين.</li>\r\n	<li>خطر الإصابة بسرطان الرئة بين المدخنين أعلى منه عند غير المدخنين.</li>\r\n	<li>كلما زادت مدة التدخين وعدد السجائر التي تدخنها في اليوم زاد خطر الاصابة بسرطان الرئة.</li>\r\n	<li>التدخين السلبي يزيد من خطر الإصابة بسرطان الرئة بنسبة 30٪ تقريبا.</li>\r\n</ul>\r\n\r\n<p><strong>بعض المهن ترتبط بارتفاع خطر الإصابة بسرطان الرئة &nbsp;مثل:</strong></p>\r\n\r\n<ul>\r\n	<li>عمال الأسبستوس &nbsp;(الأسبستوس: مجموعة معادن ليفية تتكوّن طبيعياً ، &nbsp;لها استخدامات صناعية مختلفة).</li>\r\n	<li>عمال النجارة</li>\r\n	<li>عمال الدهان والأصباغ</li>\r\n	<li>عمال المطابع</li>\r\n	<li>تعدين اليورانيوم</li>\r\n	<li>العمل في أماكن مسموح فيها التدخين كالمطاعم والمقاهي.</li>\r\n</ul>\r\n\r\n<p><strong>استنشاق الهواء الملوث وخاصة في الأماكن المزدحمة مرورياً.</strong></p>\r\n\r\n<p><strong>تاريخ شخصي أو عائلي للإصابة بسرطان الرئة</strong></p>', '<p>أخبر طبيبك على الفور إذا كان لديك أي من الأعراض التالية:</p>\r\n\r\n<ul>\r\n	<li>السعال المستمر.</li>\r\n	<li>ألم في الصدر يزداد سوء مع التنفس العميق أو السعال.</li>\r\n	<li>بحة في الصوت.</li>\r\n	<li>فقدان الوزن وفقدان الشهية.</li>\r\n	<li>السعال المصحوب بالدم.</li>\r\n	<li>ضيق في التنفس.</li>\r\n	<li>الشعور بالتعب.</li>\r\n	<li>الصفير عند التنفس.</li>\r\n</ul>', '<p>يمكنك تقليل خطر الإصابة بسرطان الرئة، عن طريق:</p>\r\n\r\n<ul>\r\n	<li>التوقف عن التدخين.</li>\r\n	<li>تجنب التدخين السلبي: التدخين السلبي أو التدخين غير المباشر هو استنشاق الأشخاص غير المدخنين للدخان الناتج من احتراق التبغ ومشتقاته.</li>\r\n	<li>انتبه في مكان عملك عند التعرض لبعض المواد الكيميائية ولا تنسى استخدام معدات الوقاية الشخصية.</li>\r\n	<li>انتبه في المنزل: بعض المواد الكيميائية التي قد تزيد خطر الاصابة بسرطان الرئة قد توجد في منزلك، كمواد التنظيف الكيميائية ودخان حرق خشب المواقد؛ لذا اقرأ ارشادات الاستخدام الآمن على المنظفات المنزلية، حاول فتح النوافذ عند استخدامها، وإذا لزم الأمر ارتدي القناع الواقي.</li>\r\n	<li>مارس النشاط الرياضي لمدة 30 دقيقة في اليوم على الأقل 4-5 مرات في الاسبوع.</li>\r\n	<li>أكثر من تناول الخضار والفواكه والحبوب الكاملة والبقوليات، وقلل من اللحوم الحمراء وتجنب الطعام المصنع.</li>\r\n</ul>', '<p>يمكن اجراء الفحوصات للكشف المبكر عن سرطان الرئة قبل ظهور الأعراض، اسأل طبيبك عن طرق الكشف المبكر المتاحة والمناسبة اذا كنت:</p>\r\n\r\n<ul>\r\n	<li>بعمر 55 فما فوق.</li>\r\n	<li>مدخن أو توقفت عن التدخين خلال أخر 15 سنة.</li>\r\n	<li>تدخن على الأقل 30 علبة سجائر في السنة.</li>\r\n</ul>', 'images/cancers/e6yJUOSdTm9l7O9FkCkm63Ljv7Goeq0R9NLXqVJv.png', NULL, '2021-03-23 17:22:34', '2021-03-23 17:22:34');

-- --------------------------------------------------------

--
-- Table structure for table `categories`
--

CREATE TABLE `categories` (
  `id` bigint(20) UNSIGNED NOT NULL,
  `name` varchar(255) COLLATE utf8mb4_unicode_ci NOT NULL,
  `slug` varchar(255) COLLATE utf8mb4_unicode_ci NOT NULL,
  `created_at` timestamp NULL DEFAULT NULL,
  `updated_at` timestamp NULL DEFAULT NULL
) ENGINE=InnoDB DEFAULT CHARSET=utf8mb4 COLLATE=utf8mb4_unicode_ci;

--
-- Dumping data for table `categories`
--

INSERT INTO `categories` (`id`, `name`, `slug`, `created_at`, `updated_at`) VALUES
(17, 'الصحة العامة', 'alsh-alaaam', '2021-03-23 10:26:25', '2021-03-23 10:26:25'),
(18, 'الرياضة', 'alryad', '2021-03-23 10:26:34', '2021-03-23 10:26:34'),
(19, 'التوعية', 'altoaay', '2021-03-23 10:26:42', '2021-03-23 10:26:42'),
(20, 'التغذية', 'altaaam', '2021-03-23 16:37:06', '2021-03-23 16:42:11'),
(21, 'تجربة', 'tjrb', '2021-03-27 07:55:26', '2021-03-27 07:55:26');

-- --------------------------------------------------------

--
-- Table structure for table `cities`
--

CREATE TABLE `cities` (
  `id` bigint(20) UNSIGNED NOT NULL,
  `name` text COLLATE utf8mb4_unicode_ci NOT NULL,
  `created_at` timestamp NULL DEFAULT NULL,
  `updated_at` timestamp NULL DEFAULT NULL
) ENGINE=InnoDB DEFAULT CHARSET=utf8mb4 COLLATE=utf8mb4_unicode_ci;

--
-- Dumping data for table `cities`
--

INSERT INTO `cities` (`id`, `name`, `created_at`, `updated_at`) VALUES
(1, 'القاهرة', NULL, NULL),
(2, 'الإسكندرية', NULL, NULL),
(3, 'الجيزة', NULL, NULL),
(4, 'القليوبية', NULL, NULL),
(5, 'الدقهلية', NULL, NULL),
(6, 'الشرقية', NULL, NULL),
(7, 'المنوفية', NULL, NULL),
(8, 'الإسماعيلية', NULL, NULL),
(9, 'أسوان', NULL, NULL),
(10, 'أسيوط', NULL, NULL),
(11, 'الأقصر', NULL, NULL),
(12, 'البحر الأحمر', NULL, NULL),
(13, 'البحيرة', NULL, NULL),
(14, 'بني سويف', NULL, NULL),
(15, 'بورسعيد', NULL, NULL),
(16, 'جنوب سيناء', NULL, NULL),
(17, 'دمياط', NULL, NULL),
(18, 'سوهاج', NULL, NULL),
(19, 'السويس', NULL, NULL),
(20, 'شمال سيناء	', NULL, NULL),
(21, 'الغربية', NULL, NULL),
(22, 'الفيوم', NULL, NULL),
(23, 'قنا', NULL, NULL),
(24, 'كفر الشيخ', NULL, NULL),
(25, 'مطروح', NULL, NULL),
(26, 'المنيا', NULL, NULL),
(27, 'الوادي الجديد', NULL, NULL);

-- --------------------------------------------------------

--
-- Table structure for table `donations`
--

CREATE TABLE `donations` (
  `id` bigint(20) UNSIGNED NOT NULL,
  `donor` varchar(255) COLLATE utf8mb4_unicode_ci NOT NULL,
  `email` varchar(255) COLLATE utf8mb4_unicode_ci NOT NULL,
  `phone` varchar(255) COLLATE utf8mb4_unicode_ci NOT NULL,
  `amount` varchar(255) COLLATE utf8mb4_unicode_ci NOT NULL,
  `created_at` timestamp NULL DEFAULT NULL,
  `updated_at` timestamp NULL DEFAULT NULL
) ENGINE=InnoDB DEFAULT CHARSET=utf8mb4 COLLATE=utf8mb4_unicode_ci;

--
-- Dumping data for table `donations`
--

INSERT INTO `donations` (`id`, `donor`, `email`, `phone`, `amount`, `created_at`, `updated_at`) VALUES
(1, 'اشرف', 'ashrafabdelwahed779@gmail.com', '01129441381', '500', '2021-02-03 13:10:46', '2021-02-03 13:10:46'),
(2, 'اشرف', 'super_admin@app.com', '123456789', '4242', '2021-02-03 13:14:24', '2021-02-03 13:14:24');

-- --------------------------------------------------------

--
-- Table structure for table `experiments`
--

CREATE TABLE `experiments` (
  `id` bigint(20) UNSIGNED NOT NULL,
  `title` varchar(255) COLLATE utf8mb4_unicode_ci NOT NULL,
  `slug` varchar(255) COLLATE utf8mb4_unicode_ci NOT NULL,
  `content` longtext COLLATE utf8mb4_unicode_ci NOT NULL,
  `image` varchar(255) COLLATE utf8mb4_unicode_ci NOT NULL,
  `video` varchar(255) COLLATE utf8mb4_unicode_ci DEFAULT NULL,
  `user_id` bigint(20) UNSIGNED NOT NULL,
  `status` varchar(255) COLLATE utf8mb4_unicode_ci DEFAULT NULL,
  `created_at` timestamp NULL DEFAULT NULL,
  `updated_at` timestamp NULL DEFAULT NULL
) ENGINE=InnoDB DEFAULT CHARSET=utf8mb4 COLLATE=utf8mb4_unicode_ci;

--
-- Dumping data for table `experiments`
--

INSERT INTO `experiments` (`id`, `title`, `slug`, `content`, `image`, `video`, `user_id`, `status`, `created_at`, `updated_at`) VALUES
(8, 'محمد عبدالله :الدعم النفسي ضرورة لمواجهة المرض', 'mhmd-aabdallh-aldaam-alnfsy-dror-lmoajh-almrd', '<p>كانت حياة محمدعبدالله تسير بشكل طبيعي إلى أن لاحظَ بعض الأعراض الغريبة التي اكتشفها بالصدفة. بعد أن أجرى جميع التحاليل والفحوصات اللازمة وقام بعمل المنظار، أظهرت النتائج إصابته بسرطان المستقيم وكانت الخطوة التالية هي عمل عملية لإزالة الورم. لم يكن لدى محمد أي انطباعات سابقة عن مرض سرطان المستقيم مما جعله يستقبله كأي مرض يصيب أي إنسان. وإيمانه بالله وتوكله عليه سبباً في تلقيه الخبر بدون أي مخاوف من المستقبل، ورغم شدة الألم الذي أصابه في العملية، إلّا أن عائلته كانت مصدراً كبيراً للدعم بالنسبة له، وخاصةً أخته.</p>\r\n\r\n<p>قام محمد بأخذ إجازة من العمل الخاص لمدة سنة لكي يتلقى العلاج الكيماوي الذي واجه معه عدة أعراض مثل الإنهاك والفتور وانعدام الشهية وبعض الآلام البسيطة مما أدى إلى خسارته لعمله، ولكن ما يشعره بالراحة الآن هو إتمامه لمعظم جلسات الكيماوي، وبقاء جرعة واحدة فقط لإكمال العلاج مما سيجعله قادراً على البحث عن وظيفة جديدة قريباً</p>\r\n\r\n<p>ويتلقى محمد العلاج الكيماوي والإشعاعي من خلال الجمعية القطرية للسرطان التي تواصل معها عن طريق مستشفى حمد العام، وقال &rdquo; بالإضافة إلى العلاج، فإن ما تلقاه من الفريق الطبي من الدعم النفسي أثّر بصورة إيجابيّة على صحته وساعده في تجاوز المصاعب التي واجهها&rdquo;.</p>\r\n\r\n<p>&nbsp;ذكر &nbsp;أن أجمل ما خرج بِهِ من تلك التجربة هو الصبر الذي تعلمهُ خلال فترةِ تلقيه للعلاج الكيماوي والإشعاعي ، ونصح كل من يمر بنفس التجربة &nbsp;بالالتزام بالعلاج و مواصلته، ومواجهة الأعراض الجانبية بدون خوف لأنها مؤقتة وتزول مع الوقت. وأوضح أن أفضل الأشياء التي ساعدته على مواجهة السرطان هي الصلاة وتلاوة ورد من القرآن الذي وصفه -كما ورد بسورةِ الإسراء- أنه شفاء للناس.</p>', 'images/experiments/nYvXVAyWBIQPx6wyXkFd78fA4XCuGpojnOOAWNs0.jpg', NULL, 1, '1', '2021-03-21 21:23:02', '2021-03-21 21:23:02'),
(9, 'أليسون استون :  المرض جعلني شخصاً أفضل', 'alyson-aston-almrd-jaalny-shkhsa-afdl', '<p>اسمي أليسون ستون، حاصلة على درجة الدكتوراه في الميتافيزيقيا، واسم الشهرة /الدكتور ة أليسون ستون. جئت إلى قطر لافتتاح مركز لرفاهية السيدات والسبب الذي دعاني لذلك هو إصابتي بسرطان عنق الرحم عندما كنت في الثلاثين من عمري. ولذاك السبب فإنني أعزو نجاحي اليوم في حياتي إلى تلك الحادثة التي وقعت منذ عدة سنوات. تجاوزت رحلة السرطان منذ 27 عامًا وأدرك كم تغيرت حياتي إلى الأفضل خلال تلك الفترة، وفي السطور القادمة ملخص موجز عن رحلتي:</p>\r\n\r\n<p>&nbsp;تزوجت في سن 18 وُزقت بطفلين. عندما كنت حاملاً في طفلي الثالث، ذهبت لإجراء فحص روتيني فاكتشف الأطباء وجود تليفات سرطانية. ، ومن أفضل الأشياء التي أحمد الله على وجودها في المملكة المتحدة أنه في الثمانينيات وأوائل التسعينيات، كانت مسحات Pap متاحة للنساء: ولكنها لم تكن إلزامية، ولم يكن هناك تشجيع مجتمعي عليها، بالرغم من كونها متاحة. بعد ولادة ابنتي الأولى أجريت هذه المسحة، وحتى بعد ولادة ابنتي الثانية أجريت نفس المسحة. ولو لم أجري هذه المسحة، لم أكن لأكون هنا اليوم.</p>\r\n\r\n<p>&nbsp;يعتبر سرطان عنق الرحم الذي أصبت به من أشرس أنواع السرطانات، ونظرا لأنني كنت حاملاً في ذلك الوقت. ذهب السرطان إلى العقد الليمفاوية، وعندما جاء موعد ولادتي كنت قد وصلت إلى المرحلة الرابعة، لذلك أنا أولي اهتمامًا شديدًا بالحفاظ على صحة المرأة.</p>\r\n\r\n<p>قررت بسبب هذه التجربة، أن أعيد النظر في حياتي وأن أحافظ عليها. إن تجربة الجراحات والعلاجات التي تمر بها تؤثر عليك تأثيراً عميقاً، ولكني أعتقد أن الخوف أعمق كثيرا من هذه التأثيرات، فالخوف الذي واجهته منذ سبعة وعشرين عاماً لا يمكن نسيانه أبدا. ولكني الآن عندما أتعرف على مجتمعات مثل الجمعية القطرية للسرطان، أعجب بها أشد الإعجاب لأن النساء يجدن في مثل الجمعيات الدعم المطلوب. لوكنت حظيت بشيء مشابه عندما أصبت بالسرطان، فلربما كانت أموري تغيرت كثيراً واختلفت رحلتي في الحياة.</p>\r\n\r\n<p>عندما أعود بذاكرتي إلى الوراء، ومثلي مثل أي أم لم أكن أعرف ما معنى سرطان عنق الرحم. ففي ذلك الأوقات، لم يكن الأطباء يعلمون أن فيروس الورم الحليمي البشري هو السبب في سرطان عنق الرحم؛ فهذه المنطقة من جسد المرأة كان ممنوع التحدث عنه , &nbsp;أتذكر في اليوم الرابع بعد الجراحة &ndash; بعد 14 ساعة من الجراحة &ndash; بدأت في البكاء. وأتذكر أن الممرضة حضرت إلينا لتقول: &ldquo;أوقفن البكاء هناك أناس أسوأ حالا منكن&rdquo;. أتذكر أنني لم أتكلّم مرة أخرى أبدا. لم أكن قد تحدثت أبداً عن الألم الذي أحسست به، بل لقد امتصصت الألم ولم أحرك ساكنا بعدها. كان من المستحيل التحدث عن هذا النوع من السرطانات بطلاقة، أتعجب الآن عندما أفكر أن الأمر استغرق حوالي 10 أو 15 سنة حتى أصبح التحدث عنه سهلا. والآن وبعد أن أصبح لدينا علاج كيماوي يسقط الشعر فإننا أصبحنا نحتفي به وهو أمر طيب، وأعتقد أن وسائل الإعلام الاجتماعية ساعدت في هذا، لأن وسائل الإعلام الاجتماعية تشكل وسيلة يمكن للناس من خلالها أن يتحدثوا عن تجاربهم الخاصة. ورفع الوعي المجتمعي.</p>\r\n\r\n<p>لقد اخترت السيطرة على حياتي، فسلكت مساراً روحياً ـ لا أنكر أنني كنت خائفة، ولكني أظن أن تعلم بعض الأشياء مثل التأمل والتعرف على جسدك يمنحك شعوراً بالسيطرة. لأنه عندما يتم تشخيص إصابتك ويقول الطبيب &ldquo;أنت مصاب بالسرطان، في المرحلة الرابعة، وهذا أمر خطير&rdquo; ـ فأنت تسلم كل شيء إلى الأطباء، ينتابك شعور باليأس، وترى أنك الآن تحت رحمة الناس الذين يقولون لك: &ldquo;عليك إجراء هذه الجراحة، عليك أن تحصل على هذا العلاج الكيميائي، عليك أن تحصل على هذا العلاج الإشعاعي&rdquo; ولكنك ما زلت لا تعلم ما هذا المرض.</p>\r\n\r\n<p>من هنا يأتي دور مجموعات المساعدة، حيث بدأ الأطباء في إدراك حقيقة مفادها أن المرضى يحتاجون إلى بعض الرعاية العاطفية. ففي حالتي كمريضة، لست فقط شخصاً يجري عملية جراحية ويفحص علاماته الحيوية، أنا مريضة أمر بمرحلة غيرت حياتي تماما -تم استئصال الرحم &ndash; وصرت في مواجهة حقائق واقعية شديدة الألم؛ فلن أنجاب أطفالاً مرة أخرى، قد أموت وأترك أطفالي، زوجي قد يهجرني ويبتعد عني للأبد، هناك ندوبا في كل مكان ــ لم يعالج أحد هذه الحقيقة، ولم يمد أحدُ يده لي بالمساعدة. كانت الأمور والظروف قاسية للغاية &rdquo; لا تتحدثي عن السرطان، ينبغي لك أن تكون ممتنه لكونك ما زلت على قيد الحياة والآن أشعر أن الناس يمكنهم الحديث عن تجربة السرطان، بل ويمكنهم معالجتها، وأعتقد أن الفرق في قطر (حيث كنت هنا منذ عشر سنوات) أن الجميع كانوا ممتنعون عن التعبير عن كلمة السرطان. وخاصة نساء الشرق الأوسط اللاتي يضعن أطفالهن في المقام الأول من حياتهن، ولذلك كن لا يرغبن في الاعتراف بمرض السرطان أو التعبير عنه..</p>\r\n\r\n<p>&nbsp;لقد خاطبت مجموعة من سيدات الشرق الأوسط منذ 12 سنة وحاولت إقناعهن بالحصول على فحص للثدي واختبارات مسحة pap، فكان الرد دائما أنهن لن يفعلن ذلك لأنهن لا يردن أن يعرفن، لأنهن يرجعون الأمر إلى القدر والابتلاءات التي يمر بها الانسان&nbsp;&nbsp; وفي أي من الحالتين يشعرن بأنه ليس بوسعهن منع هذا القدر ولكن الرضا به وتقبله. ولكن جيل نساء اليوم بات مختلفا، فصرن يقلن: بوسعنا أن نفعل شيئاً حيال ذلك، وخاصة الناجين. أصبحن يستخدمن بعض المصطلحات الجديدة مثل الناجيات من السرطان، كما أنهن هجرن بعض الكلمات مثل &ldquo;وفاة نتيجة الإصابة بالسرطان&rdquo; ليستبدلنها بعبارة &ldquo;رحلة السرطان&rdquo;، &ldquo;التغيير&rdquo;، &ldquo;القوة&rdquo;، &ldquo;تغيير نمط الحياة&rdquo;&nbsp; &nbsp;وتوجهن أكثر للكلمات الإيجابية والابتعاد عن الموت والهلاك.</p>\r\n\r\n<p>من أكثر المواقف التي مرت بي وما زالت محفورة في ذاكرتي هو أنني بعد التشخيص الأولي الذي قمت به، رجعت إلى البيت بصحبة زوجي، وحين أخبرته، رأيت نظرة الخوف في عينيه، وعندها أغلقنا الحديث في هذا الموضوع. أتذكر أنهم قالوا لا بد من إنهاء الحمل، لأن الحمل من شأنه أن يزيد من الإصابة بالسرطان، وأتذكر أنني فكرت، &ldquo;ماذا أفعل؟&rdquo;. ما هو التصرف الصحيح؟ &nbsp;هذه هي الفرصة الأخيرة لإنجاب طفل لأني سأجري استئصال الرحم فيما بعد. ماذا أفعل؟&nbsp; ومرة أخرى أنظر إلى وجه زوجي وعجزه عن الرد عليّ ولم أخبر أحداً. &nbsp;حملت هذا العبء وحدي، مع يقيني بأنه قد يؤدي بي إلى الهلاك. حتى أنني لم أستطع أن أتحدث عن حقيقة إنهاء حياة طفلي أو عدم إنهائها، لأنني لم أكن أريد أن أتواصل مع أي شخص، لم أكن أريد أن أرى الخوف في أعين الآخرين. ففي تلك الأيام، عندما تقول كلمة سرطان، يقابلك الأخرين دائما بالصمت. ولذلك لم أخبر أمي أو أي شخص إلا بعدما أنهيت كافة الجراحات. وبالطبع عندما كنت في المستشفى</p>\r\n\r\n<p>&nbsp;بدأ الناس في القدوم لزيارتي. وأنا أجاهد مع نفسي للتحلي بالشجاعة والقضاء على مخاوفي، لأن الخوف الذي رأيته في أعين الآخرين ينعكس علي مكنون قلبي. ولكن مع مرور الوقت والانتهاء من العملية أدركت أن الصمت أنقذني على نحو ما، لأنه كان بإمكاني أن أتظاهر بأنه لم يحدث لأتجنب صمت الاخرين. كنت اتحدث كثيرا إلى نفسي، وأصمت عن الحديث حول السرطان مع الآخرين، لأتظاهر أن كل الأمور على ما يرام، وأنني أتطلع دائما إلى الأمام. ثم في الليل، عندما أخلد إلى نفسي أو أذهب إلى الخلاء، أشعر بالحاجة إلى الصراخ.. البكاء&hellip;النحيب .</p>\r\n\r\n<p>لم أستطع إخبار أي شخص عن مرضي بالرغم أنني قضيت في المستشفى ستة أو سبعة أسابيع تقريباً. وعندما خرجت من المستشفى، طلبت من أمي أن تتولى رعايتي، ولذلك كان علي أن أخبرها بمرضي. لم أخبر بناتي قط حتى بلغن الثامنة عشرة . لم أكن أريد لهما أن يخافا علي من الموت. ولم أكن أريد أن أزرع هذا الخوف بداخلهما. كنت أنا من منعت نفسي عن إخبارهما. كنت دائما ألتمس لنفسي العذر بأنهما لم يبلغا من العمر ما يكفي، ولم أكن أريد أن أراهما مذعورتين، ولكنني في الوقت نفسه كنت أريد منهم أن يتحلا بروح المبادرة في فحص السرطان، وهذا كان من أكثر التحديات التي واجهتها في حياتي. كان يتحتم على إخبارهم. خضعت بناتي للتطعيم ضد فيروس الورم الحليمي، ويذهبن بانتظام لعمل مسحة Pap وما أدركته هو أنني لو كانت لدي الشجاعة الكافية للتصدي لهذا الأمر في وقت سابق، لجعلتهن يخضعن للمسحات في وقت مبكر، ولكن ما يهمني هو أن أتناقش وأتحاور معهن حول السرطان في وقت سابق وهو ما فعلته في نهاية المطاف. أعلمتهن أخيرا بالأمر ورأيت أنهن غير خائفات., أعتقد أن ذلك يرجع لنعمة الانتظار، فهم يروني الآن بعد 22 عاما شخص نشط يتمتع بصحة جيدة، والآن يفهمن حاجتي وما أطلبه منهن لأخذ خطوات استباقية. أما بالنسبة للآخرين؛ فقد فقدت الاتصال مع عدد قليل من الناس بعد ذلك المرض. أظن أن بعض صديقاتي كن خائفين فحسب، لأنني كنت شابة وصحيحة جسديا إلى حد كبير. كان هذا هو الأمر الرئيسي لم أكن شخصاً مريضاً. كنت سليمة جسديا وأولادي أصحاء جدا.</p>\r\n\r\n<p>ولكن ما فعلته تجربة المرض بالنسبة لي مهد لي طريق حياتي الذي سلكته منذ ذلك الوقت. فالخيارات التي قمت بها في مجال التطوير والتنمية الذاتية والمهنية يرجع أساسهم إلى التجربة التي مررت بها والرحلة التي خضتها. فهي ما دفعتني إلى دراسة الدكتوراه في الميتافيزيقيا، فأنا منذ ذلك الحين حريصة جدا على تعلم علم الوراثة اللاجيني، لأن هذا العلم يساعدك على الفهم الكامل للخلايا الجسدية، كما أنه يعلمك أن الخلايا ما هي إلا انعكاس لبيئتك وليس الحمض النووي فقط، ولهذا السبب تتغير الجينات الوراثية. إن الخوف المزمن، وعدم الاعتناء بالنفس، يؤثر على جيناتك وهو أمر مخيف ولذلك عليك أن تنتبه لماذا أفعل ذلك بنفسي&rdquo;، عليك أن تؤمن وتقتنع بأنك قادر على تغيير بيئتك إلى الأفضل. لابد وأن ندرك أن وجود أهمية هذه البيئة الداعمة واستبدال الخوف بما يقدموه لنا من دعم ومساندة. لأن الخوف شديد السمية، وقد يؤثر علي جسدك ويؤذيه. بل ربما يصل الأمر إلى الجينات.</p>\r\n\r\n<p>عندما ذهبت لإجراء الجراحة، كنت شجاعة ولا اهاب المرض. أخذت نفسا وذهبت إلى هناك وأنا أحدث نفسي بأنني قوية وشجاعة وسأجتاز هذا الزائر الكريه. أعتقد أن الجانب الروحي للمرض هو الإيمان، ومدى قوته لدى الشخص، وكيف يمكن للإيمان أن يكون مصاحبا للمريض طوال فترة علاجه.</p>\r\n\r\n<p>لقد جعلني المرض شخصاً أفضل فقد أوضح لي ما دوري وهدفي في الحياة ـ عندما أنظر إلى كل الأشياء التي كنت أخطط لها قبل إصابتي بالسرطان، أجدها تغيرت عبر تلك السنوات، لأجعل حياتي مكرسة للرعاية والطب الوقائي. ومن ثم حصلت على درجة البكالوريوس في الطب البديل. بعد أن كنت ربة منزل وأم لثلاثة أطفال &ndash; من كان ليتصور ذلك؟ درست علم الأيورفيدا في الهند. من كان يظن أن ربة منزل كانت لتفعل ذلك؟ بوسعي أن أتطلع إلى الوراء لكي أرى أن كل شيء قمت به دون خطة قادني إلى الحصول على درجة الدكتوراه، وإلى التواجد في قطر لبناء مركز طبي يهتم بصحة المرأة، وإلى التواصل معها، وأخيرا و بعد 27 عاما استطعت رواية قصتي على الأخرين ومشاركتها معهم.</p>\r\n\r\n<p>حتى في السنة الخامسة التي كنت فيها خاليًا من السرطان، كنت أتعرق وينتابني الأرق، وأفكر ماذا لو عاد السرطان؟ المثير للاهتمام أنك لا تفعل ذلك مع أي مرض آخر. إن كل المصطلحات التي نستخدمها تصف هذا المرض بأنه وحش، وبمجرد أن تكون في قبضته فإنه يستحوذ عليك، ولكن إذا كان بوسعنا أن نغير الحوار ليكون &ldquo;كم تبدو نشيطا وقويا اليوم&rdquo; أو &ldquo;إن خلاياك الدموية رائعة اليوم&rdquo;. إذا ما بدلنا أساليبنا في التعامل مع السرطان واجتهدنا في صياغة مفردات إيجابية جديدة، كأن نقول &ldquo;دعونا نرى ما إذا كان بوسعنا أن نضيف قائمة للأعمال التي سنجريها في الأعوام الثلاثة القادمة الخالية من السرطان&rdquo;، قد تكون هذه محادثة مختلفة تماماً حول المرض، بدلاً من أن تقول &ldquo;دعونا نرى ما إذا كان قد عاد&rdquo; أو &ldquo;دعونا نرى ما إذا كنت ما زلت خاليا من السرطان&rdquo;</p>\r\n\r\n<p>أرى أنه من المهم لمهنة الطب أن تعيد صياغة الطريقة التي تتحدث بها عن السرطان مع المرضى. فتغيير عبارات مثل &ldquo;أنا آسف للغاية، ولكن لا بد من قدومك إلى المركز الصحي&hellip;&rdquo; أو &ldquo;لن نتصل بك إلا إذا كان هناك مشكلة صحية ما&rdquo; ــ أو نغير بعض العبارات التي يسمعها&nbsp; المريض مثل: &ldquo;سنهاتفك &nbsp;إذا كنت مصاباً بالسرطان، لأن هذه النوعية من العبارات تزيد من القلق والاضطراب أثناء ساعات الانتظار. إذا مررت بتجربة فحص إيجابية، سيكون من السهل عليك معاودة الفحص مرة أخرى. بدلاً من إخبار المرضى &ldquo;بأنهم لن يظلوا على قيد الحياة أكثر من شهرين&rdquo;، لماذا لا نخبرهم بأن النظام الطبي سيبذل قصارى جهده لإرسالهم إلى بيتهم ويدفعهم إلى التركيز على نوعية حياتهم، ونظامهم الغذائي.</p>', 'images/experiments/JkP8znTZ05euvRkJqvlv7ETRPK4GDtpi14oX6hs0.jpg', NULL, 1, '1', '2021-03-21 21:25:17', '2021-03-21 21:25:17'),
(10, 'عائشة التميمي: واجهت السرطان بدعم أسرتي', 'aaaesh-altmymy-oajht-alsrtan-bdaam-asrty', '<p>إسمي عائشة التميمي، خبيرة طبخ وإتيكيت, وكنت أعمل كمدرسة وبعدها اتجهت لعالم الطبخ والذي عملت به لما يقرب من 28 سنة, قمت خلالهم &nbsp;بتأليف ستة كتب في مجال الطبخ ، إلى جانب برامجي التلفزيونية المتعلقة بالطبخ.</p>\r\n\r\n<p>حكايتي بدأت حينما كنت أفحص باستمرار الصدر الأيمن بالإشعاع وذلك لوجود أكياس دهنية به، الأمر الذي اعتدت على فعله لمدة عشر سنوات للاطمئنان، بعدها صدمت عندما اكتشفت أن الورم بالصدر الأيسر لحسن حظي كان الورم صغيرا و كان حجمه أقل من سنتيمتر واحد, بعد أن قمت بالفحوصات أخبرني الطبيب أن السرطان الذي أعاني منه هو بالدرجة الأولى. لقد صدمت عندما سمعت هذا الخبر لم أتوقع إصابتي بسرطان الثدي لأنه لا يوجد أي تاريخ مرضي للسرطان بعائلتي. عندما خيرني الطبيب بين استئصال الورم أو الثدي اشتد غضبي, و قلت له أنه هو الطبيب و يجب عليه أن يقرر ما يجب فعله و ليس أن يسألني عما أظن فهو الذي قام بالفحوصات و هو أدرى بما يجب أن يحدث.</p>\r\n\r\n<p>قال لي الطبيب أنه في حاله كمثل حالتي يفضل أن يستأصل الورم فقط، إن سماع ما قاله أعطاني بصيص من الأمل. بعد أن فحصت العينة في مستشفيات عديدة، اتفق الأطباء على العلاج الإشعاعي فقط, هذا الخبر أزاح بعض الضغط النفسي عني، &nbsp;شعرت بالراحة لمعرفة أني بالمرحلة الأولى, ولكني كنت مصدومة عند معرفة حالتي المرضية من الطبيب, لقد استمر شعوري بالسلبية و الهلع. بعد عملية الاستئصال، مررت بحالة نفسية حرجة, فأنا في العادة شخص مرح محب للحياة ، وأساند كل أفراد أسرتي ، و لكن الحال تغير, ,اصبحت أنا من بحاجة لمن&nbsp; يساندني .</p>\r\n\r\n<p>عندما سمعت هذا الخبر من طبيبي صدمت وأحسست بالتعس، لم أتمكن من استيعاب ما يحدث وجهشت بالبكاء حينها، ولكن وجود أهلي وعائلتي وبالأخص أختي التي أخبرتني أنني من يساند الجميع دائماً عند وقت الشدة، أعطتني هذه الكلمات القوة لكي أتجاوز هذه المرحلة الصعبة ويسر لي تحدي هذا المرض وألا أستسلم لحالتي المرضية.</p>\r\n\r\n<p>عندما كنت أذهب للمركز الوطني لعلاج وأبحاث السرطان لتلقي علاجي الإشعاعي في رمضان عام 2014 كنت دائما بشوشة الوجه وطاقة إيجابية لمرضى ولكل العاملين بالمستشفى، استمريت في أخذ أدويتي لمدة خمسة أعوام، واتممت علاجي في يونيو 2019, خطتي العلاجية كانت بالأشعة خلال الخمس سنوات، وكانت مرتين بالسنة ومن ثم أصبحت مرة بالسنة.</p>\r\n\r\n<h3>&nbsp;</h3>', 'images/experiments/Bv9K46lQL6BH3baDO2zFKRg2dZrHLQWrycAlRUDp.jpg', NULL, 1, '1', '2021-03-21 21:27:20', '2021-03-21 21:27:20'),
(11, 'رونا : لا تفقد الأمل لتفوز بمعركتك ضد السرطان', 'rona-la-tfkd-alaml-ltfoz-bmaarktk-dd-alsrtan', '<p><strong>أول سؤال طرحته</strong><strong>&nbsp;&ndash;</strong><strong>&ndash; رونا &ndash;&nbsp;</strong><strong>على الأطباء كان: هل سأموت؟ كان هذا في يوم 2 يوليو 2019 كنت أعيش وحدي في قطر وتم تشخيصي للتو بالمرحلة الرابعة من سرطان الثدي النقيلي.</strong></p>\r\n\r\n<p><strong>تعيش أسرتي في الفلبين حيث موطن رأسي بينما أعيش هنا في قطر وحدي لأنني العائل الوحيد لأسرتي. المرض غير مقبول بالنسبة لنا، فليس له مكان</strong>&nbsp;<strong>،&nbsp;</strong><strong>وضع أخصائي الأورام خطة العلاج ونظرًا لأنه كان عليّ أن أعيش وأحارب السرطان، أنصت جيدًا لكل ما طلبه منى واتبعت جميع إرشاداته.</strong></p>\r\n\r\n<p><strong>وإليكم قصتي:</strong></p>\r\n\r\n<p><strong>قبل قدومي إلى قطر، كنت أعيش بدولة البحرين من عام 2017 حتى عام 2019، بدأت أشعر بالألم وأن هناك شئ ما ليس على ما يرام في بداية عام 2019، وعندما ذهبت إلى الطبيب في البحرين، أخبرني بأن الألم ما هو إلا خلل هرموني وأن الأمور طبيعية، وانتهى الأمر عند هذا، لم يكن لدي فرصة أو وقت للذهاب إلى المستشفى ولذلك تفاقم المرض.</strong></p>\r\n\r\n<p><strong>في عام 2019 حصلت على وظيفة بالدوحة، وقبل أن تظهر نتيجة التشخيص، توقعت أن يكون لدى سرطان وتوقعت أن يكون المرحلة الرابعة، فأنا أعاني من كافة العلامات &rdquo; تكتل، نزيز دم، رائحة كريهة، تغير في اللون&rdquo;، فور استقراري بالدوحة، ذهبت إلى المستشفى. انتظرت وقت طويل وعندما دخلت لأول مرة إلى غرفة الطوارئ ووضع الممرضات أسورة المرضى على معصمي انفجرت في البكاء.</strong></p>\r\n\r\n<p><strong>&nbsp;قاموا في مستشفى حمد بعمل صورة شعاعية للثدي وأخذ خزعة، ثم قاموا بعمل أشعة مقطعية دقيقة جدا ن ثم أخبروني بالتشخيص، شرح لي الأطباء أن المرحلة الرابعة من سرطان الثدي النقيلي تعتبر مرحلة شرسة؛ مما يعني أنه بالرغم أن السرطان بدأ في صدري إلا أنه ينتشر وراء صدري وبالقرب من الغدد الليمفاوية ليصل إلى جميع أعضاء الجسد مثل العظام والكبد، طلب مني الفريق الطبي أن أخضع إلى 6 جلسات من العلاج الكيماوي، لتشتمل الخطة العلاجية فيما بعد على الجراحة والإشعاع.</strong></p>\r\n\r\n<p><strong>&nbsp;استحال عليّ في هذا اليوم أن أتفهم التشخيص وأن أدرك ما أنا قادمة عليه، كما أنني سالت عن تكلفة كل هذا العلاج، وقتها شكرت الله على وجود الجمعية القطرية للسرطان والتي تحملت تكلفة العلاج كلية وتبرعت بتمويل معركتي ضد السرطان.</strong></p>\r\n\r\n<p><strong>وبالرغم مما يدور في ذهني من شكوك، قلت لنفسي أن المعركة بدأت الآن. كنت ممتنة لله، ثم الجمعية القطرية للسرطان. فقد أرسل لي من يساعدني وأنا أتوجه إليهم جميعاً بأسمى معاني الشكر والعرفان بالجميل.</strong></p>\r\n\r\n<p><strong>بدأ علاجي على الفور. بأول جلسة من العلاج الكيماوي في نفس الشهر وكان رد فعلي سيئَا للغاية ،&nbsp;</strong><strong>الأدوية التي أعطيت لي جعلت جسدي&nbsp;</strong><strong>يرتجف ، &nbsp;تأثرت سلبياً أيضًا أثناء الجلسة الثانية من علاج الكيماوي ، &nbsp;وبناء عليه فإنه بعد كل جلسة من جلسات الكيماوي، يرسلني الأطباء إلى المستشفى لمدة أربعة أو خمسة أيام لأني أكون منهكة وأعاني من الإعياء الشديد ، اخذ عدد كريات الدم البيضاء في النزول إلى مستويات حرجة جدًا في بعض الأحيان.</strong></p>\r\n\r\n<p><strong>كنت أشعر في بعض جلسات الكيماوي بالاختناق. لم يستطيعوا تغيير العلاج ولكنهم بذلوا قصارى جهدهم لتخيف الألم حيث كان العلاج الكيماوي قاسياً ومرهقًا للغاية، وفي ثالث ورابع وخامس وسادس جلسة من الكيماوي، لم يعد لدي أي مشكلة، وبعد مرور ست جلسات من العلاج الكيماوي، كنت على ما يرام. ، لا أدري لماذا كنت أبكي ولكني بكيت وانتحبت كثيرًا، ،تخيل معي: ليس هناك ألم ولكنك تريد أن تبكي وتبكي. تشعر بأنك خائر القوى. لا تستطيع تناول الطعام في العيادة التي يخضع فيها المرضى للعلاج الكيماوي، تجد ستائر تفصل بين المرضى. أسحب هذه الستائر في بعض الأحيان، وفي أحيان أخرى أود لو أستمع إلى أنغام الموسيقى، قابلت مريضة سرطان فلبينية هنا، لم تخبر عائلتها بمرضها في بادئ الأمر.</strong></p>\r\n\r\n<p><strong>أتذكر أنه عندما أخبرت أسرتي، كان هذا المواقف من أصعب الأوقات التي مررت بها أثناء رحلتي مع السرطان، فاطلاعهم على ما أمر به غير علاقتنا تمامًا، أصبحنا أقرب لبعضنا البعض ، وقبل أن أخبرهم لم نكن نتحدث أبدًا على الهاتف يوميًا ، كنت أتصل بهم متى أتيح لي وقت أو هم يتصلون بي. ولكن حاليًا ولأنهم دائما&nbsp;</strong><strong>قلقون علي، فإنهم يتصلون بي يوميًا ليسألوني عما أشعر أو أحس، فأقول لهم: أنا بخير لا داعي للقلق. كانت جدتي على الأخص قلقة عليً جدًا بالرغم من كونها طاعنة في السن ن وكان هذا غريبَا بالنسبة لي. فأنا الوحيدة في العائلة التي أصيبت بسرطان الثدي، أجريت اختبارات جينية عن سرطان الثدي وكانت النتيجة سلبية.</strong></p>\r\n\r\n<p><strong>وبالرغم من قساوة العلاج الكيماوي، غير أني بدأت أشعر بأني أقوى من ذي قبل، كان الأطباء يمزحون معي. فيقولون &ldquo;يبدو أنك تتظاهرين بكونك مريضة سرطان&rdquo; لأني كنت دائمًا متفائلة ومبتهجة وسعيدة ولم أبدو في أي وقت أني مريضة، كنت أشعر أني محظوظة لأن الله يحبني.</strong></p>\r\n\r\n<p><strong>كنت أعلم جيداً أن من الصعب أن ينجو مريض سرطان في المرحلة الرابعة، ولكني حافظت على إيجابيتي وتفاعلت مع الحياة كأن شيئًا لم يكن. فدائما ما أحدث نفسي وأخبرها &ldquo;أنني لست مريضة&rdquo;. أنا نفس الشخص الذي كان قبل السرطان، أريد أن أظل سعيدة.، رغم أنني فقدت حواجبي. فأنا أحب أدوت التجميل والأزياء، وأعشق الفن وتغيير المظهر الخارجي فهما يمثلان متعة لا تضاهي بالنسبة لي.</strong></p>\r\n\r\n<p><strong>وكنت أشعر في بعض الأحيان أنني أريد أن أخرج لزيارة الأماكن المختلفة والتمتع بما لم اعتد عليه من قبل، كنت أريد تجربة الأشياء المجنونة مثل ركوب الأمواج والتسلق على الجبال وأن يكون لدي بعض المغامرات العجيبة قبل أن ينتهي أجلي.</strong></p>\r\n\r\n<p><strong>ولكن قبل هذه الأشياء أتذكر أبنائي الأربعة واحتياجهم لي، فما زالوا صغار ولا يعلمون شيئًا عن الحياة. بدأ عقلي في التفكير، كيف سيذهبون إلى المدرسة؟ من أين سيأكلون؟ أين سيعيشون؟ زوجي ليس له عمل دائم، جدتي&nbsp;</strong><strong>كانت&nbsp;</strong><strong>هي من تتولى تربيتي، لأن أمي كانت تعمل خارج البلاد، ووالدي لم &nbsp;أراهم إلا من خلال وسائل التواصل الاجتماعي، لم أراهم أبدا بشخصيهما، أتعرف هذا الإحساس، أن تفتقر إلى شخص ما بجوارك وأنت تكبر؛ هل تعرف معنى أن تعيش في بيوت مختلفة تنتقل من إحداها للآخر وأنه لا يوجد لك مستقر. كم هو أمر شاق &ndash; وهذا ما تبادر إلى ذهني فور علمي بالسرطان، لا أريد لأبنائي أن ينفصلوا عن بعضهم البعض وأن ينشئون في بيوت أو أماكن مختلفة ، يقيم أطفالي مع جدتي وقد استأجرت بيتاً صغيراً لهم وأتحمل نفقاتهم في كل ما يريدونه. وهم كانوا كل ما تمسكت به يداي طوال فترة علاجي. فأنا أعيش من أجلهم.</strong></p>\r\n\r\n<p><strong>وعندما انتهت جلسات الكيماوي في شهر ديسمبر، علمت أنه المرحلة القادمة هي مرحلة الجراحة، كان من المتوقع أن أخضع للعملية بتاريخ 29 يناير 2020، كنت يوم 25 يناير في العمل، عندما اتصل بي منسق من عيادة الثدي وقال لي أن الطبيب يطلب مقابلتي في المساء لتحديد موعد دخول المستشفى لإجراء الجراحة ، قال لي الطبيب أنه علي دخول المستشفى في نفس الليلة لأن موعد الجراحة غداً ، كانت لحظة حرجة ، ولكني كنت متحمسة جدا لأنني انتظرت الجراحة لمدة طويلة لتتغير حياتي بعدها إلى ما هو أفضل. استأصل الأطباء الجهة المصابة من الثدي بالكامل. تقبلت الأمر بل الأكثر من ذلك أنني أدركت كم أنا محظوظة لأنني ما زلت على قيد الحياة.</strong></p>\r\n\r\n<p><strong>بعد انتهاء الجراحة، اندهش الأطباء لأنني بعد ساعتين من الجراحة كنت في مقهى المستشفى. بدأت في التجول وكأني إنسانة عادية جداً وكأن شيئًا لم يحدث، كنت أمزح مع الممرضات، وأتبادل معهن النكات. وأقول لهم حتى صدري تركني. كنا نضحك ونمزح حول ما حدث ، مكثت في المستشفى لمدة ثلاثة أيام حتى يسترد جسدي عافيته.</strong></p>\r\n\r\n<p><strong>وبالرغم من صعوبة كل الأيام الماضية وكل ما مر بي؛ حاولت الحفاظ علي سعادتي. كنت في بعض الأحيان أقضي الوقت في الغناء أو عمل مدونة مرئية ، فكنت أسجل في مدونتي رحلتي مع السرطان وكافة طرق العلاج من حقن إلى أدوية ، إلى حياتي داخل المستشفى (كان طعام المستشفى رائع جدَا)، كيف ساعدني كل من هم حولي ، أصبحت بعد هذه الجراحة أكثر نضجًا وتعلمت كيفية التعامل مع المواقف المختلفة بمزيد من الإيجابية &nbsp;، وأردت أن أظهر للناس أنه وبالرغم من إصابتي سرطان الثدي النقيلي، فأنني ما زلت أعمل الكثير وأن السرطان لا يعني نهاية العالم ، يجب أن نخوض معركتنا ضد السرطان وأن لا نفقد الأمل.</strong></p>\r\n\r\n<p><strong>السرطان ليس رحلة لشخص واحد، فهو يشمل الكثيرون، ممتنه لكل من قدم لي يد المساعدة.&nbsp; أشكر جدتي وخالتي على كل ما قدمتاه لي من وسائل دعم، أصدقائي في قطر لم يتخلوا عني فكانوا يصطحبونني إلى البحر لأنني عاشقة للطبيعة، زملائي ورئيسي في العمل لم يبخلوا علي بتقديم كل ما بوسعهم، لم يكلفوني بأي عمل شاق أو مرهق، أعطوني مهام بسيطة وسمحوا لي بإجازة مرضية، وكم أنا ممتنة أيضاً للجمعية القطرية للسرطان على كل ما تقدمه من إسهامات.</strong></p>\r\n\r\n<p><strong>إيماني بالله ساعدني كثيرًا، أظن أنه بدون إيماني بالله، لم أكن لأتجاوز هذه المرحلة الصعبة، أعلم أن الله يحبني ولهذا منحني هذا الابتلاء، أنا أثق في كل عطايا الله وأرضي بها، كنت على يقين بأن كل هذا سينتهي وسأرجع إلى سابق عهدي، والآن نصيحتي هي &rdquo; &ldquo;تذكر دائما أن هذا الوضع مؤقت، ومؤكد أنك سترجع إلى حياتك الطبيعية&rdquo;، عليك فقط أن تتحلى بالصبر والإيجابية والشجاعة والإيمان بالله.</strong></p>\r\n\r\n<p><strong>في 12 أبريل 2020 أنهيت العلاج الإشعاعي، وأظهرت التقارير عدم وجود أي أثار متبقية من سرطان الثدي في الأنسجة أو الغدد الليمفاوية، أصبحت متعافية من السرطان.</strong></p>\r\n\r\n<p><strong>والآن رسالتي لكل الأطباء &ldquo;عليكم بالصبر مع مرضاكم ، اعملوا كل ما بوسعكم لخلق الأمل في نفوسهم&rdquo;&nbsp;</strong><strong>،&nbsp;</strong><strong>أمنيتي لنفسي في العشر سنوات القادمة أن أكون قادرة على مساعدة المرضى &nbsp;الذين يمرون بنفس الموقف الذي مررت به.</strong></p>', 'images/experiments/kAuBD5KNb856mnXMlaIO51z3DW1IO0Q0YpxwcUTc.webp', NULL, 1, '1', '2021-03-21 21:29:10', '2021-03-21 21:29:10'),
(12, 'استيف متعافي من سرطان البروستات: من وسط الظلام ينبثق شعاع الأمل', 'astyf-mtaaafy-mn-srtan-albrostat-mn-ost-althlam-ynbthk-shaaaaa-alaml', '<p>يعمل استيف أستاذًا للغة الإنجليزية بكلية المجتمع في قطر، ويصف في السطور القادمة رحلته مع مرض السرطان من منظور إيجابي. &nbsp;بدأت رحلته عندما لاحظ وجود بعض المشكلات في المثانة وزار الطبيب لفحصه. كان يظن أنه مجرد تضخم في البروستاتا (تضخم لا يمثل أي تهديد لغدة البروستاتا)، لان هذه حالة مرضية معتادة للرجال في هذا السن، فليس هناك داعٍ لأي قلق. ولكن الطبيب طلب اختبار المستضد البروستاتي النوعي. وأظهرت نتيجة الاختبار ارتفاع في المستضد البروستاتي. ذهب استيف إلى طبيب مسالك بولية والذي بدوره طلب مزيد من الاختبارات وأشعة رنين مغناطيسي وعمل خزعة.&nbsp; جاءت الاختبارات مؤكدة وجود خلايا سرطانية في البروستاتا، ولكي يخفف عنه الطبيب وطأة الفجأة من مرض السرطان، قال له أن هذا النوع غير عنيف.&nbsp; ولكن للأسف لم تستمر سعادة استيف فترة طويلة. أُرسلت عينة الخزعة إلى أخصائي علم الأمراض بمستشفى حمد العام للتأكد منها. وأوضح الرأي الثاني أن هذا النوع من السرطانات شرس وخطير عما اعتقده الجميع. حزن استيف جدا لسماع هذه الأخبار.</p>\r\n\r\n<p>يعيش استيف وحيداً داخل قطر؛ بعيداً عن أسرته وموطنه ولكنه حاول التكيف مع سرطان البروستاتا رغم صعوبته. &ldquo;هذه هي الحياة &hellip;&hellip;حياة وموت&rdquo; كانت هذه العبارة واصفة لما يحدث استيف به نفسه في هذه الأوقات المظلمة.&nbsp; لم يكن لديه من يقدم له الدعم المطلوب أو من يتبادل معه أطراف الحديث حول حالته.&nbsp; يبدو أنه لا بد لليل أن ينجلي، وهكذا أراد له القدر أن يقابل صديقته القديمة، والتي حالت بينهما الأيام لعدة سنوات.&nbsp; يصف استيف هذه الصديقة بأنها عطوفة وحنونة وودودة. كانت تعمل كمدربة يوجا، شجعته على البدء في ممارسة اليوجا وتغيير نظام حياته.&nbsp; أثارت هذه الفكرة سعادة أستيف حيث انه كان متشوق إلى تغيير نظام حياته وتحويله إلى حياة صحية، &rdquo; أحتاج إلى مزيد من النظام&rdquo; &ldquo;أحتاج إلى ممارسة رياضة&rdquo;، أقلع استيف عن التدخين وتوقف تماماً عن تناول الكحوليات؛ &rdquo; كنت أظن أنه يستحيل لي أن أقلع عن التدخين، ولكن عندما قرر عقلي وقف التدخين، وجدت أنه ليس هناك مستحيلاً. لم يكن الأمر إلا فكرة &ldquo;اتخاذ القرار بأن أحيا حياة صحية&rdquo;. استبعد استيف اللحم من نظامه الغذائي وفقد من وزنه 10 كجم.. وعلى رأس أولويات استيف لتغيير نظامه الغذائي وعاداته السيئة مثل التدخين وخلافه، بدأ في تخصيص وقت يومي لليوجا والتأمل والتفكر.</p>\r\n\r\n<p>&nbsp;ومع مرور الوقت واقتراب موعد الجراحة، استمر استيف في إعداد نفسه وتجهيزها للجراحة. بدأ في الاطلاع والقراءة لمعرفة ما هو مرض سرطان البروستاتا. &ldquo;قرأت بشغف كل ما وصل ليدي عن سرطان البروستاتا&rdquo;. ثم قرأت وقرأت &hellip;&hellip;..عن كافة أنواع السرطان. وكجزء من التوجيهات التي تسبق العملية، تقابل استيف مع ثلاثة رجال آخرين سيخضعون لنفس العملية في نفس الوقت.&nbsp; ارتبط استيف بأحد رجال مجموعته الجراحية. وصارا يتبادلان أطراف الحديث عن الدور الروحاني ويعبران عن مشاعرهما وخبراتهما لبعضهما البعض، عندما أصبح فرداً في مجموعة لها نفس التجربة، شعر بالراحة ولم يعد وحيدًا.</p>\r\n\r\n<p>&nbsp;وعلى الرغم من آلام العملية التي استمرت ليومين، سرت العملية بسلاسة؛ وتعافي استيف بسرعة دون وجود أي أعراض جانبية وخرج من المستشفى بعد ثلاثة أيام.&nbsp; وبينما يتعافى استيف في منزله، اعتاد هواية جديدة وهي الرسم بألوان الاكريليك. كان الأمر مدهشًا وغريبًا لستيف لأنه لم يحب الرسم في يومٍ من الأيام. أضحى الرسم ملاذه ومبتغاه. يصف استيف الرسم قائلاً: أمسى الرسم وسيلتي في التعبير عما يكمن في داخلي.&nbsp; عشق استيف الألوان الزاهية فتحدث قائلًا: &ldquo;كنت بحاجة إلى شيء إبداعي&rdquo;، كنت أتوق إلى ألوان تحيط بي من كل جانب&rdquo;. أعاد تزيين منزله بكثير من الألوان المثيرة الرائعة. واستبدل السجاجيد القديمة بأخرى جديدة، وقام بتغيير بعض أجزاء الأثاث ووضع اللوحات التي رسمها على الجدران. زاد استيف من علاقاته بالنباتات وزرع كثير منهم لتحيط به. كان يتجول لفترات قصيرة في حديقة الحي ليستمتع بالنباتات والحصول على طاقة إيجابية منهم. &ldquo;كانت هذه الطاقة الإيجابية &hellip;&hellip;طاقة روحانية &hellip;تأتي من عند الله. كنت أشعر وكأن شخص ما يربت على كتفي قائلًا: انتبه!!! لديك منحة للحياة أغتنمها</p>\r\n\r\n<p>إن قصة استيف قصة ملهمة ؛؛؛ تعلمك أن القوة تكمن في داخلك. ، فمن وسط الظلام ينبثق شعاع الأمل بالرغم أن وجود الأسرة والأصدقاء وإحاطتهم بك في الأوقات العصيبة يضيف كثير من الراحة، إلا أن الراحة الحقيقية واليقين ينبعثان من الداخل ، أنت قادر على تغيير حياتك. نصيحة استيف لمرضى السرطان أن يكونوا مبادرين وأن يتحكموا في صحتهم.</p>\r\n\r\n<p>&ldquo;انخرط تماما في مرضك، وطرق علاجه وانتبه كثيرا لنظم العلاج. لن يهتم أحد بصحتك أفضل منك&hellip; إنها حياتك أنت.. وصحتك أنت&rdquo;.</p>', 'images/experiments/YgxeC75sp8Rwf6BSCICUkLXwQEUOSpfLg1ICGswm.webp', NULL, 1, '1', '2021-03-21 21:30:19', '2021-03-21 21:30:19'),
(13, 'فاطمة جمعة.. متعافية من سرطان الثدي : ستتعافي وتروي قصتك للآخرين', 'fatm-jmaa-mtaaafy-mn-srtan-althdy-sttaaafy-otroy-kstk-llaakhryn', '<p>لا تكفي الموجات فوق الصوتية لاستبعاد الورم الخبيث ولا بد من أخذ خزعة&rdquo; هكذا تبدأ قصة فاطمة جمعة المتعافية من مرض سرطان الثدي والتي تبلغ من العمر 33 عامًا قصتها عندما كشفت الخزعة عن وجود خلايا سرطانية في أبريل 2017.</p>\r\n\r\n<p>تقول فاطمة: &ldquo;شعرت لحظتها بالانهيار، كثيراً ما سمعت عبارة &ldquo;أنا مريض سرطان&rdquo; ولكنني لم أكن أدرك ما تعنيه هذه العبارة. إذا كنتِ تعتقدي أنك تعرفين ما معني &ldquo;سرطان&rdquo; لأنك سمعت عنه من قبل، فهذا يعني أنكِ لا تعرفي ما هي حقيقة السرطان، الأمر مختلف تماماً عما تعرفيه. &nbsp;لقد صدمني ما سمعته من الجراج، نطقها على الفور، نطقها بنبرة تفتقر إلى أي نوع من الشفقة: &ldquo;أنت مصابة بالسرطان ، &nbsp;لم يكن لدي تاريخ عائلي للإصابة بالسرطان، وطالما لا يوجد مصاب بعائلتك فأنتِ تستبعدين الأمر تماماً من مخيلتك. تظنين أن هذا الأمر يحدث للآخرين ولكنك بعيد عنه تماماً، ولذا عندما يحدث لك، تأتي المفاجأة أو بمعني أدق &rdquo; الصدمة &ldquo;. &nbsp;لم استطع تقبل التشخيص. دخلت في نوبة من البكاء كنت أبكي دون تفكير بسبب كل الأشياء التي نسمعها عن السرطان. كنت في حالة إنكار. تنقلت بين الأطباء وبين المراكز الطبية المختلفة لعلي أسمع تشخيصاً مختلفاً. ولكن دون جدوى.. مما دفعني في النهاية إلى تقبل الأمر وهنا وجدت أنه يتحتم علي أن أتوكل على الله وأن استسلم لقضاءه وأن أتحلى بالشجاعة أمام أسرتي وأمام أطفالي.</p>\r\n\r\n<p>عندما تبدأين هذه الرحلة، تتساءلين، هل ثمة شخص أخر يمر بهذه الرحلة؟ تستهلين الأمر بالسؤال داخل دائرتك ومن ثم تأتيك الإجابة بقصص نجاح لسيدات مررن بنفس الظروف التي عشت بها واجتزن المرض بنجاح وتعافين منه، وكذلك أنت ستتعافين &nbsp;وتنجحين في &nbsp;هزيمته وستروي قصتك للآخرين. ستجدين القوة في قصص الآخرين. وهذا ما أقوم به الآن إزاء مرضي السرطان لأنني أعلم كم هو موقف عصيب ولكن عندما تجدين أن هناك أمل أو أن هناك نور في نهاية الطريق، تختلف رؤيتك للأمور تماماً. &nbsp;أعلم أنك على يقين بأن الأمور لن تسير بسهولة. &nbsp;حالما تجدين نفسك تتحولين من شخص يمارس حياته بأريحية إلى شخص يتنقل بين المستشفيات وقضاء جميع أيامه في ارجائهاـ.. يا له من موقف عصيب؛ فنادرًا ما كنت أذهب إلى المستشفى ولكني الآن مضطرة إلى الذهاب حينا بعد حين؛ ما بين مسح إشعاعي وعلاج كيميائي وفي أثناء العلاج الكيميائي يجب أن تكوني على درجة عالية من الحرص وأن تتمتعي بالقوة لتمر هذه المرحلة بهدوءٍ وسلامٍ.</p>\r\n\r\n<p>رسالتي إلى كل سيدة تمر بهذه المحنة هي العثور على شخص يمكنها الوثوق به، شخص يمنحك القوة اللازمة للاستمرار. وهذه أحد الأسباب التي تجعلني ممتنة للجمعية القطرية للسرطان لما تقدمه من برامج تقدم الدعم لمرضى السرطان.</p>\r\n\r\n<p>بالنسبة لي، كانت عائلتي مصدر قوتي. فبدون دعم عائلتي لكان من المستحيل اجتياز هذه المرحلة الحرجة. &nbsp;كان زوجي سندي ومصدر قوتي، ثم عائلتي التي قدمت من كندا خصيصاً لمساندتي والوقوف إلى جانبي &ndash; كان الجميع بجانبي أمي وأبي وجميع أخواتي وإخوتي لم يتركوني نهائياً. فهم من تولى أمر إعداد الطعام والاهتمام ببرنامجي الغذائيّ. لا بد أن تحتاجين في هذه المرحلة إلى شخص يساعدك لتكوني أقوى على محاربة أية آثار جانبية قد تحدث أثناء العلاج الكيميائي والإشعاعي حيث يكون الجسد بأضعف حالاته، ولذا تحتاجين للمساعدة في كافة المناحي اليومية من مساعدة نفسية إلى بدنية إلى غذائية وصحية&hellip;إلخ. كانت عائلتي دائماً بجانبي، فعندما أغادر المنزل للذهاب إلى المستشفى، تتولي عائلتي الاهتمام بأطفالي الذين يستحيل عليهم تدارك ما أمر به، &nbsp;أو فهم ما يدور حولهم. &nbsp;فمن المواقف التي مررت بها ولا يمكن تناسيها، عند سقوط شعري كان آبنائي يخافون ويقولون&rdquo;ماما.. لا نريد أن نراك بدون شعر&hellip;&rdquo; &nbsp;ولكني أطلب من كل أم تمر بهذا الموقف أن تُفهم آبنائها ما يحدث وأن تعمل على انخراطهم في تلك الأزمة لأن دروب الدهر في تقلب دائم فالحياة لا تسير على وتيرة واحدة فهي بين حلو ومر، سهلٌ وعسيرٌ &nbsp;عليك أيتها الأم أن تعلميهم أنك مريضة سرطان وأن هذا الوضع مؤقت ولن يدوم طويلا بإذن الله.</p>\r\n\r\n<p>&nbsp;شعرت أثناء مرحلة العلاج، عدم مقدرتي الجسدية على تلبية طلبات أطفالي، فجسدي هزيلاً وضعيفاً للغاية، ولكن كان حديثاً &nbsp;أخراً &nbsp;يدور في ذهني، كنت أظن يقيناً أن هذه فترة مؤقتة وستمضي لتكون ذكرى من الماضي. &nbsp;عندما تعلمين إصابتك بالمرض، من الأفضل ألا تفكري في الماضي أو تتسائلين لما حدث هذا، بل عليك البدء فورا في اتخاذ خطوات العلاج واللجوء إلى الله بالصلاة والدعاء واتباع نظام غذائي صحي حتى تصبح هذه الأيام مجرد ماضي. أعلم أنه عندما يخبرك الطبيب أو المختص بأنك مريضة سرطان، يتبادر إلى ذهنك وقتها أنه لا يوجد لديك الكثير من الوقت وأنه قد اقترب الأجل، لكن علاج السرطان حالياً يختلف كثيرا عما اعتدنا عليه في الماضي. استطاع الأطباء حاليا معالجة كل الآثار الجانبية والقضاء عليها.</p>\r\n\r\n<p>لا تنظري إلى السرطان كإنذار بالموت؛ ما عليك سوى تنفيذ ما يطلبه منك الطبيب، ابحثي عن طبيب تشعرين معه بالإرتياح، طبيب تثقي بما يصفه لك من علاج، حاولي دائمًا أن تكون قوية لمصلحتك أولا ولأبنائك ثانياً ولعائلتك أخيرًا.</p>\r\n\r\n<p>عندما اقترح طبيبي خطة العلاج لأول مرة، رفضت العلاج الكيميائي، لكنه قال عليك القيام بذلك لأنك ما زلت في سن الشباب وأن السرطان يتصف بالشراسة والهجوم ولذا عليك اجراء الجراحة ثم الخضوع للعلاج الكيميائي والإشعاعي. وافقت على ما تلقيته من تعليمات، ولكني رفضت العلاج الكيميائي ومن ثم دخل الطبيب في نوبة من الضحك وقال لي إذا كنت ابنتي، فلن أتواني عن إقناعك بإجراء العلاج الكيميائي لأنه يضمن لك نسبة عالية من الشفاء ويمنحك فرصة الحياة لفترة أطول وقدم لي إحصاءات تتعلق بنوع ومرحلة سرطان مشابهة لما أمر به وعندئذ وافقت ونفذت كل تعليمات الطبيب.</p>\r\n\r\n<p>&nbsp;لم يكن الأمر سهلاً، ففي كل مرة تأتي الممرضة لإعطائي العلاج الكيميائي، كنت أبكي لما أشعر به من يأس ولكنها دوامت على إعطائي الأمل. كانت تقول إنها تتعامل مع مرضى سرطان طوال الوقت وأنني سأتغلب على المرض وسأحظى بشفاءٍ تامٍ. ولكن حينما تدخل غرفة العلاج، تتهاوي كل هذه المشاعر، وكمريضة بدأت أسأل نفسي عما يحدث لي، هل سأعيش، هل سينجح هذا حقًا؟ كانت مشاعري مختلطة ومبهمة. ولكنني أدركت أنه إذا استطاعت أن أكون أكثر سعادة وإسترخاء أثناء تناول العلاج، فسيكون ذلك أفضل لي. قال لي أحدهم &ldquo;لا يكلف الله نفسا إلى وسعها&rdquo; وطالما أن الله اختارني لهذا الإبتلاء فسأنجح وحينها سأقترب أكثر من الله، وسأحصل على مزيد من الحسنات. ما يُصيبُ المؤمنَ من وَصَبٍ، ولا نَصَبٍ، ولا سَقَمٍ، ولا حَزنٍ، حتَّى الهمَّ يُهمُّه، إلَّا كفَّر به من سيِّئاتِه) دفعتني هذه الكلمات إلى الاستمرار&hellip;&hellip;&hellip;.إلى المضي قدماً&hellip; حاولت أن أفكر في السرطان كهدية من الله كنعمة وليست نقمة.</p>\r\n\r\n<p>في السنة الأولى بعد الانتهاء من الجراحة، والعلاج الكيميائي والإشعاعي- وكل هذه المتاهات الجديدة ، يبدأ الجسم التعود عليها. ما أدركته أثناء مرضي، أنه في ذروة الاحساس بالمرض، تشعرين وكأنك حياتك القادمة كلها ستمضي على نفس المنوال- ولذا تشعرين بالخوف والرهبة لما تخضعين له من علاج كيميائي وإشعاعي ولكن بعدما تنتهين من هذه المرحلة، تأتيك مرحلة جديدة &hellip;مرحلة انتقالية&hellip; وهذا ما انتابني، وينتاب كل مرضى السرطان، وهو أن تجدي نفسك من جديد وأن ترجعي لحياتك السابقة&hellip;&hellip;.لكنه أمراَ صعباً شاقاً- لأن جسمك في الفترة الماضية قاوم وحارب كل الأشياء الجديدة التي حدثت له&hellip; وتبدأين حينها في البحث عن نفسك وتقولين لنفسك لا بد أن أرجع لحياتي &hellip;لما كنت عليه من قبل &ndash; يجب أن أجد مكاناً مريحاً لي ولكن الأمر ليس بهذه السهولة فقد يستغرق سنة أو سنتين وعندما تصلين إلى هذا المكان، تجدي أن الله وهبك حياة من جديد. تجدين الضوء في نهاية النفق المظلم، تجدين ضوء الشمس بازغاً بعد ليلٍ دامسٍ. &nbsp;تشعرين بأنك أحسن من ذي قبل.</p>\r\n\r\n<p>&nbsp;في كل مرة تظنين أن الأمور لن تتحسن، تيقني أنها ستتحسن &ndash; لكن جسدك يحتاج إلى وقت حتى يعتاد على كل الأشياء التي مر بها وعندما تتجاوزين تلك المرحلة، اعملي على إصلاح ذاتك لتصبحين الشخص الذي تريدين. أعدي خطة لنفسك وحققي أهدافك &ndash; عندما تحققين هذه الأهداف، ستشعرين أنك أفضل وستعودين شخصاً طبيعياً مرة أخرى. &nbsp;هذا ما حدث لي وما مررت به، مررت بهذه المرحلة الإنتقالية والآن عدت إلى وضعي الطبيعي. أعمل الآن كمحاضر عام لنشر الوعي ضد مرض السرطان. لم يخطر لي ولو للحظة أنني سأعمل ذلك في يوم من الأيام ولكن بعد الفترة الانتقالية التي مررت بها والحرب التي خضتها ضد مرض السرطان، يُحتم علىّ الواجب أن أساعد الآخرين وأن أبث الأمل في أعماقهم.</p>\r\n\r\n<p>أكثر ما أفتخر به هو أنني انتقلت من كوني مريضة سرطان إلى موجهة تنشر الوعي حول سرطان الثدي وهذا هو أكبر إنجاز لي في حياتي كلها. فأنا صيدلانية تخرجت من كلية الصيدلة، ولكن هذا هو أكبر إنجاز لي فأنا أجري الآن أبحاث حول سرطان الثدي&rdquo; .</p>', 'images/experiments/nEyUk7jPVMZ80bS04tFy6KC7BEzsVlOpIh0SIzp4.jpg', NULL, 1, '1', '2021-03-21 21:31:12', '2021-03-21 21:31:12'),
(14, 'عبدالرحمن: هذه الرحلة جعلتني أقوى مما أظن', 'aabdalrhmn-hthh-alrhl-jaaltny-ako-mma-athn', '<p>بطلنا المغوار في هذه القصة هو ((عبد الرحمن)). فتى قطري يبلغ من العمر 13 عاماً، تغير كلية عندما بلغ من العمر ثماني سنوات والذي يحكي لنا قصته قائلاً :</p>\r\n\r\n<p>&nbsp;بعد شهر من عيد ميلادي الثامن وبينما ألعب مع أبناء عمومتي وأخي في المنزل، أخذتني أمي إلى مركز طوارئ الأطفال بالسد، كنت أظن أنه فحص دوري، لأنني كنت أمرض بصورة متزايدة عن جميع أقراني.&nbsp; أخبرت أبناء عمومتي أنني سأعود قريبًا جدًا ، وسنعاود لعبنا فور رجوعي من المستشفى ، لم أكن أعرف أن هذه هي المرة الأخيرة التي أري فيها أبناء عمومتي لمدة ثلاث سنوات قادمة،<br />\r\nعندما أخذتني أمي إلى طوارئ الأطفال، توقعنا أن تكون نتائج الفحص مماثلة لما اعتدنا عليه في الزيارات السابقة، ولكن ما حدث أن الممرضة والطبيب أخبرانا بضرورة الانتقال إلى غرفة العزل مما أثار شكوكنا ، ونظرا لأني كنت في الثامنة من عمري بالكاد فهمت ما كان يحدث من حولي، ولكن كان الوضع نفسه بالنسبة لأمي ، فالطبيب لم يفسّر لماذا اضطررنا إلى الانتقال إلى غرفة العزل.</p>\r\n\r\n<p>عندما جاءت الممرضة لبدء الحقن، سألتها والدتي هل تم وضعنا في غرفة العزل للحفاظ على سلامة الآخرين، حيث اعتقدت أمي أن لدي مرضًا معديًا.<br />\r\nأجابت الممرضة قائلة: &ldquo;إن هذا من شأنه أن يحافظ على سلامة ابنك من الآخرين&rdquo;، كان الرد بمثابة صدمة لي ولأمي.</p>\r\n\r\n<p>في غضون ساعة كنت في سيارة إسعاف للانتقال إلى مستشفى حمد العام، ولم أعرف بعد لماذا كل هذا ، فور وصولي إلى المستشفى، بدأت مجموعة أخرى من الممرضات في عملية أخذ عينة &nbsp;مرة أخرى من الدم تحتوي على الصفائح الدموية ، ومع كل هذه الفوضى والقلق اللذان يحيطان بنا من كل جانب، احتفظت أمي برباطة جأشها فكانت مثل مصباح يضيء لي الظلام المحيط ، كانت والدتي قد اتصلت بوالدها (جدي)، وأخبرته عن هذا الموقف، مما حمله إلى البكاء، لأن صديقه الذي تم تشخيصه من قبل بمرض السرطان خضع لإجراء مماثل..<br />\r\nأصيبت أمي بالإحباط لعدم وجود من يقدم لنا أي إجابات، فبحثت بنفسها على محرك البحث &ldquo;جوجل&rdquo; على كل الأعراض واستنتجت أنني مصاب بمرض سرطان الدم ، &nbsp;وقد قوبلت هذه النتيجة بالتردد من الأطباء، وقضيت أنا وأمي اليوم بأكمله في مستشفى حمد دون أن نعرف لماذا نحن هنا .</p>\r\n\r\n<p>في اليوم التالي، عندما جاء الأطباء لأداء جولتهم الصباحية، واجهتهم أمي وسألت عما إذا كنت مصاباً بسرطان الدم &ndash; لكنها قوبلت بمزيد من عدم اليقين من الأطباء.&nbsp; وبعد بضعة أيام أخرى ممتلئة بالاختبارات والفحوصات تم تشخيص إصابتي بمرض سرطان دم عضلي حاد، وبدأتُ العلاج الكيميائي على الفور لإنقاذ حياتي، وبعد يومين فقط من مغادرة بيتي، تبين لي أنني سأخضع لفحص دوري منتظم، أوشكت أعصابي أن تنفلت وبدأت أشعر بالذعر فكل ما أريده هو أن أعرف متى سأتمكن من مغادرة المستشفى والذهاب للعب مع أبناء عمومتي من جديد. في تلك المرحلة شرحت لي أمي بعبارات بسيطة ما هو مرض سرطان الدم وما علينا أن نفعله للتخلص من هذا المرض.&nbsp; لم تكن أمي تريد أن تتركني في الظلام ليدمرني من الداخل، ولكنها في الوقت نفسه لم تكن تريد أن تخيفني بكلمات كبيرة، فأنا ما زلت طفلاً على أية حال.</p>\r\n\r\n<p>&nbsp;في غضون أسبوع واحد بعد هذه الفوضى، انتقلت مع أمي إلى مستشفى الأطفال في واشنطن العاصمة الأمريكية، وعلى الفور امتلأت غرفتي بالمستشفى بالأطباء والممرضات والأخصائيين الاجتماعيين.&nbsp; كانت هذه بداية رحلتي الطبية التي دامت 3 سنوات. كنت أشعر بالبؤس والحزن في معظم أوقات هذه المدة على الرغم من الدعم القوي الذي أتلقاه من أسرتي ووالدتي التي ظلت بجانبي طيلة الوقت. لم أرى أصدقائي وأخواني وأبناء عمومتي لفترة طويلة، وشعرت بالعزلة بكل ما تعنيه الكلمة.&nbsp; لم يكن لدي سوى أمي وجدتي فهما الشخصان الوحيدان الثابتان في حياتي، وكانتا هما الداعم الرئيسي الذي مكنني من اجتياز هذا المرض والبقاء قوياً.</p>\r\n\r\n<p>&nbsp;لا أتذكر الكثير مما حدث في المستشفى ولكن من أكثر اللحظات المؤلمة التي مررت بها وما زلت أتذكرها عندما كان عليهم وضع القسطرة، أتذكر جيداً الألم المبرح الذي شعرت به حتى لم أكن أقوى على الحديث مع والدتي. شعرت أنني لم أعد صبياً وأنني تحولت إلى إنسان آلي. كانت هذه أطول فترة تجاهلت فيها أمي. ثم اتصل بي أحد أعمامي من قطر فأشار إلى أن القوس الثابت على صدر الرجل الحديدي &ldquo;ايرون مان&rdquo; مماثل تماماً للقسطرة التي وضعتها لي الممرضات، وأن هذا القوس هو مصدر قوته وكذلك ستكون القسطرة بالنسبة لي هي سبب قوتي. ساعدتني كلمات عمي في تغيير الكيفية التي نظرت بها إلى إجراءات المستشفى؛ فلم تعد الإجراءات تخيفني، ولكنها ظلت مؤلمة، يبدو أنها لم تكن مخيفة كما كانت في السابق.</p>\r\n\r\n<p>&nbsp;عندما كنت في المستشفى، فقدت الكثير من شعري بسبب العلاج الكيميائي.&nbsp; كانت خصلات من شعري تتساقط في حجري، وفي ذاك الوقت أخبرني عمى عن جون سينا وروك وهما المصارعان المفضلان لدي، وكلاهما أصلع.&nbsp; فقال إن الصلع جعلهما أقوياء، وقد ساعدني هذا الحديث كثيراً خلال ذلك الوقت.&nbsp; حتى أنني سمحت لرئيس قسم أمراض الدم في المستشفى بحلق رأسي.</p>\r\n\r\n<p>أتذكر تماماً كل هذه الأوقات العصيبة ولكني في نفس الوقت أتذكر الأوقات الرائعة التي أمضيتها في المستشفى مع الممرضات اللاتي يعتنين بي والمهرج وراقصي الباليه الذين كانوا كثيراً ما يترددون على المستشفى لإسعاد المرضى. أتذكر ذات مرة عندما أخذ التفاعل مع موظفي المستشفى في التناقص، اخترعت أمي لعبة أطلقت عليها اسم &ldquo;خمن الرقم&rdquo;، حيث يخمن العاملون في المستشفى الرقم المطلوب كل يوم ، لتحصل أفضل التخمينات على جوائز. وقد شجع ذلك الموظفين على القدوم إلى غرفتي وشغلها بابتسامة على وجوههم أو ملاطفة مبهجة في الحديث معي، الأمر الذي رفع معنوياتي.&nbsp; كانت هذه الروح المجتمعية التي ساعدتني وعائلتي على اجتياز المحنة.</p>\r\n\r\n<p>&nbsp;استطعت مصادقة بعض الأطفال في المستشفى، خاصةً هذا الصبي السعودي الذي تزامن دخوله إلى المستشفى مع الوقت الذي دخلت فيه، ولكن كانت هناك حادثة اضطرت فيها إحدى صديقاتي إلى بتر ساقيها وكانت صدمة كبيرة لي، مما منعني من التحدث مع أطفال المستشفى. ما زلت لا أفهم لماذا فعلت ذلك، لكنني شعرت براحة أكبر في التحدث إلى البالغين داخل المستشفى بعد تلك الحادثة.</p>\r\n\r\n<p>&nbsp;لم أتمكن من الذهاب إلى المدرسة أثناء العلاج الكيماوي لما تركه من آثار سيئة على جسديّ، ولكن كان لدي بعض المدرسين الذين كانوا يأتون إلى المستشفى للتدريس لي.&nbsp; حتى في اللحظات التي لم أتمكن فيها من التحدث، كانت أمي تحثني على التعلم وإكمال دروسي. كنت أكره كل ثانية من ذلك الوقت، وكنت أحاول الاختباء تحت الحرام وأطلب من أمي أن تطلب من المعلم مغادرة المستشفى، ولكني الآن أدرك أهمية الاستمرار في التعليم.&nbsp; قالت أمي إن الاستمرار في التعليم سيشعرني بأهمية هذه الفترة من حياتي وأنها فترة مؤقتة ستزول بعض قليل. لم أصدقها حينها ولكني الآن أتيقن من صحة كلامها.</p>\r\n\r\n<p>&nbsp;&nbsp; بعد أن انتهت أغلب جلسات العلاج الكيميائي، استأجرنا منزلاً ضخماً وانتقلنا إليه بدلاً من المستشفى لأنه لم يعد من الضروري البقاء فيه.&nbsp; كان بالمنزل قبو كبير، حولته إلى ملعبٍ شخصي &ndash; كان لدي ألعاب فيديو ومساحة ضخمة للعب كرة القدم &ndash; كان منزلاً رائعًا!&nbsp; ولكن هذا لم يدم طويلاً: فقد خضعت لمزيد من الاختبارات، الأمر الذي كشف عن وجود خلايا سرطانية في الدم ـ لم يكن العلاج الكيميائي يعمل كما تصورنا، كما اكتشف الأطباء أن العلاج الكيميائي لم يكن&nbsp;<strong>يحذف 5&nbsp;</strong><strong>q</strong>&nbsp;داخل الخلايا الجينية مما يعني أنني سأضطر إلى إجراء عملية زرع نخاع. &nbsp;وبالتالي كان عليّ أن أخضع لجلستان أخيرتان من العلاج الكيميائي قبل إجراء عملية الزرع، والانتقال إلى المستشفى مرة أخرى.&nbsp;&nbsp; من المؤكد أن البحث عن مضادات الكريات البيض البشرية المناسبة كان أسوأ فترة بالنسبة لأمي لأن أقاربنا وأصدقائنا في قطر لم يكونوا على علم بذلك، وحتى عندما خضعوا للاختبار، لم يكن هناك من يماثلني.&nbsp; وذات يوم، أخبرنا الأطباء بأن هناك أم في تكساس تبرعت بدم الحبل السري، والذي يتطابق بشكل مدهش مع كرياتي من الدم البيضاء. أصبح لدي متبرع بخلايا جذعية من تكساس!<br />\r\nكانت الخطوات التالية قبل إجراء عملية الزرع هي الأسوأ، اضطررت لتحمل إشعاع كامل للجسم مرتين في اليوم ثم المزيد من جلسات العلاج الكيميائي قبل الاستعداد لعملية الزرع. ثم جاءت المضاعفات &ndash; وعمليات رفض متعددة لنخاع العظم المزروع أدرك جسمي أن النخاع العظمي الجديد غريب وقام بمحاربته. ومن ثم أعطاني الأطباء كميات كبيرة من المثبطات لمحاربة هذا الرفض بالإضافة إلى كثير من التوجيهات الصارمة. حيث يجب أن يكون كل غذائي مطهي جيدا، وكان لي ساعة لشرب زجاجة من الماء، لأنه بعد مرور ساعة، لم يعد شرب المياه آمنا بالنسبة لي. أثناء، هذه المحنة كانت أمي على دراية تامة بأهمية المتابعة مع طبيب نفسي حتى يهتم بصحتي العقلية.</p>\r\n\r\n<p>&nbsp;بعد الانتهاء من العلاج الطبي سجلتني أمي في مدرسة داخل الولايات المتحدة. كانت مشاعري إزاء العودة إلى المدرسة مختلطة. فقد فاتني اللعب مع الأصدقاء وفي نفس الوقت هذه البيئة مختلفة عما اعتدت عليه في قطر، كما أنني لا أبدو كطفل عادي.&nbsp; كانت المثبطات التي أتناولها قد تسببت في الكثير من زيادة الوزن لذلك واجهت بعض السخرية والتنمر في المدرسة.<br />\r\nلم يسمح لي بعض الطلاب بالاشتراك معهم في لعب كرة القدم وهي رياضتي المفضلة، حتى بعض المعلمين لم يتفهموا موقفي وحالتي.&nbsp; كان معلم التربية الرياضية يشعر بالإحباط إزاء عدم قدرتي على الركض أثناء فصول التربية الرياضية بسبب وزني الزائد ، لم يزعجني هذا بالقدر الذي أزعج أمي، قلت لها أن الأمر على ما يرام ولعبة كرة القدم لازالت تراودني &nbsp;&ndash; كانت هذه هي الآلية التي أتعامل بها مع نفسي خلال إقامتي بالمستشفى. انتقلت إلى مدرسة أخرى نظرا لعدم تفهم الطلبة والمدرسين لحالتي وموقفي، وكانت بفضل الله المدرسة التالية أكثر تفهما. فبدلاً من جعلني أشعر بالإهمال، جعلوني أبرز بين الآخرين، وأتيحت لي الفرصة لمشاركة قصتي التي رحب بها الجميع، الطلاب والمعلمون على حد سواء. ساعدتني هذه المدرسة على تكوين أصدقاء كثر وشعرت وكأني عدت إلى موطن رأسي.</p>\r\n\r\n<p>&nbsp;لن أنسى فضل المستشفى والمدرسة، فالروح المعنوية التي كنت بها لعبت دورًا كبيراً في مساعدتي على الشفاء. ساعدتني بعض المنظمات مثل &ldquo;ميك ويش&rdquo; أو &ldquo;تمنى أمنية&rdquo; أن ألتقي بجون سينا، كما دعمتني المجموعات النسائية مثل مجموعة باندا على الوصول إلى حلول غير طبية لبعض المشكلات مثل الغثيان وصعوبات النوم. أتذكر أنني تلقيت حجراً سحرياً من بعض المنظمات جعلني أتغلب على الغثيان والتخلص منه. أدرك الآن أن هذا الحجر غير سحري ولكنه ساعدني حينها على التخلص من الغثيان. بالإضافة إلى ذلك كان هناك زوجين تطوعا لتصوير جميع الأطفال في المستشفى ثم إعطائنا هذه الصور، كان الأمر بمثابة لفتة طيبة لأنه كسر حاجز الألم واليأس المحيطان بجميع الأسر وأطفالهم. وبإزالة هذا الحاجز، شعرت انني سأتحسن في قطر وهو ما تحاول دائما الجمعية القطرية للسرطان أن تنفذه.</p>\r\n\r\n<p>&nbsp;بعدها رجعنا إلى قطر بعد عملية الزراعة، لكن كان علي العودة كل ستة شهور الى واشنطن لمواصلة العلاج وإجراء الفحوصات اللازمة، والحمد لله في الثاني عشر من يونيو 2020 احتفلنا بمرور خمسة سنوات على اجراء عملية زرع نخاع العظم_ حمسة سنوات خالية من السرطان أصرت أمي على الالتحاق بالجمعية القطرية للسرطان حتى أحكي قصتي للآخرين الذين قد يمرون بنفس المحنة.&nbsp; توقعنا أن نرى أطفال قطريين وأسرهم يتلقون الدعم من المجموعات الداعمة ولكن الأمر لم يكن كذلك، حيث كان المغتربين هم المستعدون لعرض مشكلاتهم على الأخرين، لأن أمر السرطان ما زال موضوعاً محظوراٍ لدى المجتمع القطري، وبناء عليه حاولت أمي مساعدة الآخرين بأن رتبت لي تسجيل فيديو أتحدث فيه عن محنتي مع السرطان وكيف اجتزت هذه المرحلة وشرحت لهم كيفية تجاوز هذه المرحلة.</p>\r\n\r\n<p>&nbsp;حملتني هذه الرحلة على إدراك أنني أقوى مما أبدو عليه وأن أقدر مجهودات جميع من حولي لأن الحياة دائماٍ متقلبة ولا يمكن لإنسان أن يأمن نوائب الدهر. ممتن كثيراٍ لجميع الأطباء والممرضات والأخصائيين الاجتماعين وكل من قدم لي سبل المساندة والمساعدة في قطر والولايات المتحدة. جدير بالذكر أيضا أن أذكر بنك &ldquo;بي أ ماتش&rdquo; حيث يتيح للجميع أن يتبرعوا بدمهم حتى يساعدوا الأخرين عند حدوث أزمة، وهذا ما حدث لي بالضبط. فلو لم تتبرع الأم المقيمة في ولاية تكساس بمشيمة ابنها، لم يكن ليتسنى لي أن أجري عملية الزراعة، ولو أدرك كثير من القطريين بوجود هذا البنك سنسمع عن حالات تعافي أسرع مما نتخيل.</p>\r\n\r\n<p>&nbsp;وأخيرا وليس آخراً، وجهت والدة عبدالرحمن رسالتها للمجتمع قائلة &ldquo;اختبر الله بمرض السرطان كثير من الأطفال ومنهم ابني، لم يفعلوا شيئاً للإصابة بهذا المرض ومن ثم لا يصح أن يظل موضوعاً محظوراً للحديث فيه، ينبغي أن يكون المجتمع أكثر تفتحاً حتى يصير تلقى الدعم من الآخرين أسهل وأيسر.</p>', 'images/experiments/r5gYiVJaFiG9wL49wWIWtGF9WI1CbwfknDTqKHSL.webp', NULL, 1, '1', '2021-03-21 21:32:39', '2021-03-21 21:32:39');
INSERT INTO `experiments` (`id`, `title`, `slug`, `content`, `image`, `video`, `user_id`, `status`, `created_at`, `updated_at`) VALUES
(15, 'أنطوني ناجي من سرطان الدم : انتبه للعلامات قبل فوات الأوان', 'antony-najy-mn-srtan-aldm-antbh-llaalamat-kbl-foat-alaoan', '<p>الجمعة هو أفضل أيام الأسبوع حيث مشاركة الأصدقاء في لعبة كرة القدم وتناول الطعام سوياً، وعلو الضحكات والابتسامات والمزاح طول الوقت، يا لها من أيام سعيدة.. ولكن لماذا ينظر إلي أصدقائي باستغراب؟</p>\r\n\r\n<p>خلال هذا الوقت وجد أنطوني نفسه ينظر إليه أصدقائه بإمعان، ويقولون له &rdquo; قد يبدو وجهك اليوم أصفر أكثر من أي وقت مضى، فضحك مازحاَ دون أن يبالي قائلاً &rdquo; ربما يعني أن وجهي به سمرة نتيجة التعرض لأشعة الشمس مما جعله ذهبي اللون، غير أن أصدقائه أعادوا تذكيره مرة أخرى بأنه كان يعاني الشهر الماضي من انقطاع النفس المتكرر وجسمه يتجه نحو الهزلان.. ونصحوه الذهاب لعيادة الطبيب.</p>\r\n\r\n<p>في البداية ضحك أنطوني ممازحاً زملائه، ولكن سرعان ما فطن للأمر، متسائلاً مع حاله &rdquo; ولكن ماذا لو كان الأمر جاداً.. ووجهي حقاً يميل للون الأصفر؟، إذن علي الذهاب للطبيب، وبالفعل ذهب إلى المركز الصحي بصحبة أمه التي تقف إلى جانبه، قائلا &rdquo; لا بد أنها زيارة قصيرة لن تتجاوز الثلاثين دقيقة &ldquo;، ولم يعلم أنطوني آنذاك أن القدر لن يقوده إلى منزله مرة أخرى قبل ثلاثة أشهر قضاها بين اختبارات معملية مختلفة وفحوصات بالأشعة فوق الصوتية وغيرها، ليعلم أنها ليست مجرد أنيميا، لتقوده روحه المخابراتية إلى البحث على جوجل حتى يستعد لسماع الخبر الذي لم يكن يتوقعه وهو&rdquo; الإصابة بسرطان الدم &ldquo;، ورسالتي للجميع أن ينبهون لعلامات جسدهم قبل فوات الأوان .</p>\r\n\r\n<p>الساعة الآن الثانية صباحاً، رأسي ثقيل ، وجسدي متعب ، ولكني أريد أن أرتاح&hellip; أستريح &hellip;إنه حلم &nbsp;، استيقظت على صوت الأطباء يتحدثون حولي ، يشرحون التشخيص ويناقشون العلامات ويراجعون خيارات العلاج. فيقولون: ما زلت صغيرا، وممتلئ بالنشاط والقوة والحيوية، سيستطيع جسدك هزيمة السرطان، ستتحسن وتسترد صحتك.</p>\r\n\r\n<p>بعد سماع هذه الأخبار، يتأكد لي ما قرأته على جوجل، أنظر حولي لأرى جميع أفراد أسرتي يقفون بجانبي، أمي وأبي.. أختي وعمي وعماتي وأبناء عمومتي &ndash; الجميع حاضرون لتشجيعي.</p>\r\n\r\n<p>بدأ أنطوني يستعد للجولة الأولى من مرحلة العلاج الكيماوي، حيث بدا شعره بالتساقط شعرة تلو أخرى، إنها رحلة شاقة ولكن عليه التكيف معها، فكل جلسة من جلسات العلاج الكيماوي تأخذ منه بعض الوقت ليتقبلها ويتكيف معها تدريجاً ، آملاً أن تنبت بصيلات شعره من جديد لتبث الأمل في حياته المستقبلية وانتصاره على السرطان &nbsp;.</p>\r\n\r\n<p>كان يشعر بالغثيان، ويتزايد شعور اضطراب المعدة تدريجياً حتى يصل إلى الفم، أصبح هزيلا وبقوة جسمانية ضعيفة ،&nbsp; ولكنه تحمل كل هذه الأوجاع &nbsp;لأجل أن يعود لحياته الطبيعية مرة أخرى ليبني عضلاته الجسمانية ومستقبله المشرق الذي استمده من دفء وحنان أسرته ومعانقة والده , هذا الحضن يرد إليه روحه ونفسه .. يحتاج أي إنسان إلى هذا الحب والدفء والحنان ، ليمتلئ بالقوة والحماس وترتفع روحه المعنوية.</p>\r\n\r\n<p>في تمام الساعة الخامسة كل صباح قصة جديدة وأساليب مبتكرة يتفنن فيها كل من حولي لمساعدتي على اجتياز هذه الأوقات العصيبة &rdquo; إنها حقاً أوقات عصيبة &rdquo; ، ففي الساعة الخامسة من كل صباح أنا مستعد &nbsp;لسحب عينة الدم هو الأمر المتكرر الذي اعتدت عليه يومياً ،بمساعدة الممرض ابراهيم، فهو صديقي ورفيقي ومرشدي طوال هذه الرحلة ، استعد لتناول &rdquo; الكبة &rdquo; &nbsp;التي أعدتها لي أمي ، لأنها أفضل من طعام المستشفى المعتاد. ثم تجرى مسابقة مع أختي لنرى من يستطيع شرب زجاجة مياه أسرع من الأخر، فأن يكون هدفك هو شرب 3 لتر مياه يوما يحتاج كثير من الإبداع. يلي هذا مباراة مثيرة مع أفضل الأصدقاء في لعبة الفيفا فهو لا ينهزم أبدا، لقد استمتعت بهذه الأشياء الجميلة التي تجلب لي السعادة، وتساعدني على تمضية الوقت بمزيد من الإيمان والشجاعة.</p>\r\n\r\n<p>وخلال جلسات الكيماوي الستة المتتالية ، بدى لي &nbsp;أنني أقوى وأكبر وأكثر حكمة ، كان هذا فصل أخر في الحياة، وقد بدأت أشعر بالتحسن وأعود إلى طبيعتي ، كان لدي الوقت الكافي للتفكير في كيفية استعادة حياتي الطبيعية مجدداً &nbsp;بعد توقف كل شيء ، فالحياة &nbsp;مستمرة ولم تنتهي ولكنها بحاجة لمزيد من التدبر والتفكير ، تتطلع لمستقبلك ، تبني علاقات دائمة طويلة المدى مع أصدقائك وأسرتك؛ فهم من سيساعدونك لتسترد نشاطك وتألقك ،&nbsp; الأفضل أن تفكر في برنامجك المدرسي وفي أي اتجاه ستذهب، عليك أن تفكر في السماء التي ستحلق فيها عندما تصبح طياراً ، ولا تترك السرطان يأكلك، خذ هذا الوقت للتحسن والتفكر.</p>\r\n\r\n<p><strong>يااااااااه، لقد حان الوقت للذهاب إلى صالة الألعاب الرياضية</strong></p>', 'images/experiments/LMsuPkYwASae3ZMquYSDCFydRr85HGDAqiM1GE9C.jpg', NULL, 1, '1', '2021-03-21 21:36:57', '2021-03-21 21:36:57'),
(16, 'انا انصاف..بدأت قصتي مع السرطان في اواخر 2014', 'ana-ansafbdat-ksty-maa-alsrtan-fy-aoakhr-2014', '<p>انا انصاف..بدأت قصتي مع السرطان في اواخر 2014 &quot;وبعد ان اخذت مع امي وشقيقاتي عهدا بعد وفاة شقيقتي الكبرى بسرطان الثدي&quot; بأن نجري الفحوصات الدوريه للكشف المبكر عن سرطان الثدي..وخلال احدى الفحوصات ذاتها اكتشفت ودود كتلة وتبين انها ورم سرطاني خبيث... لا انسى ذلك اليوم ابدا جلست وحيدة على مقعدي في صاله الانتظار الخاصه بالمركز الصحي انتظر نتيجة تحليل العينَة ..تأخر الطبيب باستدعائي..وغشتني رياح الخوف والقلق ..حتى خرج الطبيب ليقول لي {كنت حابب اطمنك ياانصاف بس للاسف النتيجه مش منيحه..في خلايا سرطانيه بالكتله} في تلك اللحظه سمعت دقات قلبي بأذني خارج جسدي من هول الصدمة وشاح وجهي بالظلام حتى طلبت من الطبيب معاودة اخذ عينه اخرى وفحصها من جديد لعل وعسى ان تتغير النتيجه ..وبعد اصرار مني رضخ الطبيب لطلبي كي يريحني نفسيا وتم اخذ عينَة جديدة . ومضت خمس ايام اخرى من الانتظار كان قلبي هشا فيها لايقوى على استشعار الخوف المسيطر عليَ فأنا امام نقطة فاصلة تحددمصير حياتي ..واتساءل هل سيكون مصيري مثل شقيقتي التي توفيت ونال منها المرض؟؟وللاسف اكد لي الطبيب ذات النتيجة &quot;سرطان ثدي&quot; في تلك الفترة كنت اعيش بمنزل والدتي نظرا لمرحلة الانفصال عن زوجي الذي جاءت اصابتي بالسرطان سببا مقدما له على طبق من ذهب ليعلن عن عدم رغبته بالاستمرار في علاقتنا الزوجية وكان علي الاعتناء ببناتي ميس وريم ..الامر المطمئن كان انه وبسبب الكشف المبكر لم يكن هناك انتشار للسرطان في جسدي وهو ماهَونَ عليَ الامر..فخضعت لنصف بروتوكول العلاج بعمليه استئصال للثدي المصاب وأربع جلسات كيماوي .ومن هنا بدات رحلة المحاربة ومقاومة المرض..الامر لم يكن سهلا على الاطلاق ..قرأت عن العلاج الكيماوي قبل البدء بهواثاره الجانبية..لكن ماتقرأليس كما تعيش..ومع اول جلسة علاج كيماوي بدأت الاعراض تتوالى ..قئ.غثيان ..ارتفاع درجات الحرارة واوجاع جسمانية اخرى .. وعند وصولي الى موعد اخذ الجرعه الثالثه رفعت راية الاستسلام امام التعب والالموأحكم اليأس قبضته عليَ ولم استطع مواصله علاجي لولا تدخل نسمات وكلمات والدتي اليَ لتدفع بي الى مواصلة باقي جلساتي الكيماوية وذكرتني ب أهم اسباب استمراري في هذه الحياة وهنَ بناتي ..فهنَ يستحقنَ هذا.وبالفعل استكملت مشوار مقاومتي وعلاجي حتى انتهى بالشفاء والانتصار والحمد لله . لم تنتهي قصتي بعد ..فقد كان لبدايه هذا العام 2020واقع صدمة اخرى لمعرفتي باصابتي للمرة الثانية بسرطان الثدي للجهة الاخرى ..وكما المرة الاولى ولله الحمد كان الاكتشاف مبكرا وذلك لانني كنت اجري الفحوصات الطبية الدوريه وملتزمة بمواعيد هذه الفحوصات كل 6اشهر ومررت بنفس بروتوكول العلاج من استئصال للثدي وعوضا عن العلاج الكيماوي توجهت الى العلاج الهرموني ..لكن الفارق بين التجربتين هو انني في العام 2014كنت ربة منزل عادية جدا وبعد شفائي تطوعت بمؤسسة العون والامل لرعاية مرضى السرطان فهي كانت ولازالت بمثابة حاضنه وداعمة لي ولكل سيدة مصابة او ناجية من السرطان ..وحتى اللحظه استمعت الى قصص الناجيات واحببت التجربة وكنت ارغب في افادة اي سيدة تمُر بتجربة مماثلة هكذا انتقلت الى الحياة العملية ..واتمنى ان اكون قدوة او نموذج تحتذي به السيدات اللاتي مررن بتجربة المرض وقد تغلب عليهن اليأس والاستسلام فأقول لهنَ كونوا مع انفسكنَ ولأجلها كفراشةٍ تحلَق لترى شمس انتصارها تشرق في حياتها من جديد</p>', 'images/experiments/QdbxeCKkRdcDY9H5gmPiXuwXTsbrO6K16UOVbwQS.jpg', NULL, 1, '1', '2021-03-21 21:47:03', '2021-03-21 21:47:03');

-- --------------------------------------------------------

--
-- Table structure for table `failed_jobs`
--

CREATE TABLE `failed_jobs` (
  `id` bigint(20) UNSIGNED NOT NULL,
  `connection` text COLLATE utf8mb4_unicode_ci NOT NULL,
  `queue` text COLLATE utf8mb4_unicode_ci NOT NULL,
  `payload` longtext COLLATE utf8mb4_unicode_ci NOT NULL,
  `exception` longtext COLLATE utf8mb4_unicode_ci NOT NULL,
  `failed_at` timestamp NOT NULL DEFAULT current_timestamp()
) ENGINE=InnoDB DEFAULT CHARSET=utf8mb4 COLLATE=utf8mb4_unicode_ci;

-- --------------------------------------------------------

--
-- Table structure for table `migrations`
--

CREATE TABLE `migrations` (
  `id` int(10) UNSIGNED NOT NULL,
  `migration` varchar(255) COLLATE utf8mb4_unicode_ci NOT NULL,
  `batch` int(11) NOT NULL
) ENGINE=InnoDB DEFAULT CHARSET=utf8mb4 COLLATE=utf8mb4_unicode_ci;

--
-- Dumping data for table `migrations`
--

INSERT INTO `migrations` (`id`, `migration`, `batch`) VALUES
(1, '2014_10_12_100000_create_password_resets_table', 1),
(2, '2019_08_19_000000_create_failed_jobs_table', 1),
(3, '2020_01_01_000000_create_cities_table', 1),
(4, '2020_01_01_000002_create_specializations_table', 1),
(5, '2020_01_01_000005_create_users_table', 1),
(6, '2020_11_28_124443_laratrust_setup_tables', 1),
(7, '2020_11_29_080118_create_categories_table', 1),
(8, '2020_11_29_081158_create_experiments_table', 1),
(9, '2020_11_29_081447_create_posts_table', 1),
(10, '2021_01_12_193354_create_cancers_table', 1),
(11, '2021_02_01_193936_create_slides_table', 2),
(12, '2021_02_03_150019_create_donations_table', 3),
(13, '2021_02_22_195714_create_msgs_table', 4);

-- --------------------------------------------------------

--
-- Table structure for table `msgs`
--

CREATE TABLE `msgs` (
  `id` bigint(20) UNSIGNED NOT NULL,
  `image` varchar(255) COLLATE utf8mb4_unicode_ci NOT NULL,
  `created_at` timestamp NULL DEFAULT NULL,
  `updated_at` timestamp NULL DEFAULT NULL
) ENGINE=InnoDB DEFAULT CHARSET=utf8mb4 COLLATE=utf8mb4_unicode_ci;

--
-- Dumping data for table `msgs`
--

INSERT INTO `msgs` (`id`, `image`, `created_at`, `updated_at`) VALUES
(8, 'images/msg/mBXCWKsT2602DRdzZ8ihebwuRC5TDdlsAB6uChTD.jpg', '2021-03-23 17:02:50', '2021-03-23 17:02:50'),
(9, 'images/msg/nfbrfyN0bDk7qWZG84LJkZs20UL2e2PJOeLJXwM3.jpg', '2021-03-23 17:03:41', '2021-03-23 17:03:41');

-- --------------------------------------------------------

--
-- Table structure for table `password_resets`
--

CREATE TABLE `password_resets` (
  `email` varchar(255) COLLATE utf8mb4_unicode_ci NOT NULL,
  `token` varchar(255) COLLATE utf8mb4_unicode_ci NOT NULL,
  `created_at` timestamp NULL DEFAULT NULL
) ENGINE=InnoDB DEFAULT CHARSET=utf8mb4 COLLATE=utf8mb4_unicode_ci;

-- --------------------------------------------------------

--
-- Table structure for table `permissions`
--

CREATE TABLE `permissions` (
  `id` int(10) UNSIGNED NOT NULL,
  `name` varchar(255) COLLATE utf8mb4_unicode_ci NOT NULL,
  `display_name` varchar(255) COLLATE utf8mb4_unicode_ci DEFAULT NULL,
  `description` varchar(255) COLLATE utf8mb4_unicode_ci DEFAULT NULL,
  `created_at` timestamp NULL DEFAULT NULL,
  `updated_at` timestamp NULL DEFAULT NULL
) ENGINE=InnoDB DEFAULT CHARSET=utf8mb4 COLLATE=utf8mb4_unicode_ci;

--
-- Dumping data for table `permissions`
--

INSERT INTO `permissions` (`id`, `name`, `display_name`, `description`, `created_at`, `updated_at`) VALUES
(1, 'create_users', 'Create Users', 'Create Users', '2021-01-14 06:24:09', '2021-01-14 06:24:09'),
(2, 'read_users', 'Read Users', 'Read Users', '2021-01-14 06:24:09', '2021-01-14 06:24:09'),
(3, 'update_users', 'Update Users', 'Update Users', '2021-01-14 06:24:09', '2021-01-14 06:24:09'),
(4, 'delete_users', 'Delete Users', 'Delete Users', '2021-01-14 06:24:09', '2021-01-14 06:24:09'),
(5, 'create_categories', 'Create Categories', 'Create Categories', '2021-01-14 06:24:09', '2021-01-14 06:24:09'),
(6, 'read_categories', 'Read Categories', 'Read Categories', '2021-01-14 06:24:09', '2021-01-14 06:24:09'),
(7, 'update_categories', 'Update Categories', 'Update Categories', '2021-01-14 06:24:09', '2021-01-14 06:24:09'),
(8, 'delete_categories', 'Delete Categories', 'Delete Categories', '2021-01-14 06:24:09', '2021-01-14 06:24:09'),
(9, 'create_experiments', 'Create Experiments', 'Create Experiments', '2021-01-14 06:24:10', '2021-01-14 06:24:10'),
(10, 'read_experiments', 'Read Experiments', 'Read Experiments', '2021-01-14 06:24:10', '2021-01-14 06:24:10'),
(11, 'update_experiments', 'Update Experiments', 'Update Experiments', '2021-01-14 06:24:10', '2021-01-14 06:24:10'),
(12, 'delete_experiments', 'Delete Experiments', 'Delete Experiments', '2021-01-14 06:24:10', '2021-01-14 06:24:10'),
(13, 'create_posts', 'Create Posts', 'Create Posts', '2021-01-14 06:24:10', '2021-01-14 06:24:10'),
(14, 'read_posts', 'Read Posts', 'Read Posts', '2021-01-14 06:24:10', '2021-01-14 06:24:10'),
(15, 'update_posts', 'Update Posts', 'Update Posts', '2021-01-14 06:24:10', '2021-01-14 06:24:10'),
(16, 'delete_posts', 'Delete Posts', 'Delete Posts', '2021-01-14 06:24:10', '2021-01-14 06:24:10'),
(17, 'create_cancer', 'Create Cancer', 'Create Cancer', '2021-01-14 06:24:10', '2021-01-14 06:24:10'),
(18, 'read_cancer', 'Read Cancer', 'Read Cancer', '2021-01-14 06:24:10', '2021-01-14 06:24:10'),
(19, 'update_cancer', 'Update Cancer', 'Update Cancer', '2021-01-14 06:24:10', '2021-01-14 06:24:10'),
(20, 'delete_cancer', 'Delete Cancer', 'Delete Cancer', '2021-01-14 06:24:10', '2021-01-14 06:24:10');

-- --------------------------------------------------------

--
-- Table structure for table `permission_role`
--

CREATE TABLE `permission_role` (
  `permission_id` int(10) UNSIGNED NOT NULL,
  `role_id` int(10) UNSIGNED NOT NULL
) ENGINE=InnoDB DEFAULT CHARSET=utf8mb4 COLLATE=utf8mb4_unicode_ci;

--
-- Dumping data for table `permission_role`
--

INSERT INTO `permission_role` (`permission_id`, `role_id`) VALUES
(1, 1),
(2, 1),
(3, 1),
(4, 1),
(5, 1),
(5, 2),
(6, 1),
(6, 2),
(7, 1),
(7, 2),
(8, 1),
(8, 2),
(9, 1),
(9, 2),
(9, 3),
(9, 4),
(10, 1),
(10, 2),
(10, 3),
(10, 4),
(11, 1),
(11, 2),
(11, 3),
(11, 4),
(12, 1),
(12, 2),
(12, 3),
(12, 4),
(13, 1),
(13, 2),
(14, 1),
(14, 2),
(15, 1),
(15, 2),
(16, 1),
(16, 2),
(17, 1),
(17, 2),
(18, 1),
(18, 2),
(19, 1),
(19, 2),
(20, 1),
(20, 2);

-- --------------------------------------------------------

--
-- Table structure for table `permission_user`
--

CREATE TABLE `permission_user` (
  `permission_id` int(10) UNSIGNED NOT NULL,
  `user_id` int(10) UNSIGNED NOT NULL,
  `user_type` varchar(255) COLLATE utf8mb4_unicode_ci NOT NULL
) ENGINE=InnoDB DEFAULT CHARSET=utf8mb4 COLLATE=utf8mb4_unicode_ci;

-- --------------------------------------------------------

--
-- Table structure for table `posts`
--

CREATE TABLE `posts` (
  `id` bigint(20) UNSIGNED NOT NULL,
  `title` varchar(255) COLLATE utf8mb4_unicode_ci NOT NULL,
  `slug` varchar(255) COLLATE utf8mb4_unicode_ci NOT NULL,
  `content` longtext COLLATE utf8mb4_unicode_ci NOT NULL,
  `image` varchar(255) COLLATE utf8mb4_unicode_ci NOT NULL,
  `video` varchar(255) COLLATE utf8mb4_unicode_ci DEFAULT NULL,
  `user_id` bigint(20) UNSIGNED NOT NULL,
  `category_id` bigint(20) UNSIGNED NOT NULL,
  `created_at` timestamp NULL DEFAULT NULL,
  `updated_at` timestamp NULL DEFAULT NULL
) ENGINE=InnoDB DEFAULT CHARSET=utf8mb4 COLLATE=utf8mb4_unicode_ci;

--
-- Dumping data for table `posts`
--

INSERT INTO `posts` (`id`, `title`, `slug`, `content`, `image`, `video`, `user_id`, `category_id`, `created_at`, `updated_at`) VALUES
(6, 'الرياضة والسرطان', 'alryad-oalsrtan', '<p>لماذا الرياضة مفيدة للأشخاص المصابين بالسرطان</p>\r\n\r\n<p><strong>ممارسة الرياضة مفيدة لمكافحة السرطان</strong></p>\r\n\r\n<p>لنأخذ مثال سرطان الثدي<br />\r\nأظهرت بعض الدراسات الحديثة أن النشاط الرياضي المستمر يساعد على تخفيض بنسبة خطر الإصابة بسرطان الثدي<br />\r\nخطر الانتكاس هو أيضا غير مرتفع عند النساء التي تمارسن نشاطا بدنيا و رياضيا ساعات في الأسبوع بإمكانها أن تخفض خطر الانتكاس بــ ترتفع هذه النسبة بــ بالنسبة للنساء التي تمارسن ساعات رياضة في الأسبوع</p>\r\n\r\n<p>فوائد الرياضة بالنسبة للأشخاص المصابين بالسرطان عديدة</p>\r\n\r\n<ul>\r\n	<li>أفضل تقبل للأعراض الجانبية للعلاج</li>\r\n	<li>يمكن التخفيف من التعب والألم</li>\r\n	<li>يمكن تقوية العضلات والمفاصل واستعادة رشاقة بدنية بشكل أسرع</li>\r\n	<li>تمكن الرياضة من محاربة القلق</li>\r\n	<li>خطر تكرار المرض محدود</li>\r\n</ul>\r\n\r\n<p>ضرورة ممارسة نشاط بدني ورياضي في حالة الإصابة بالسرطان</p>\r\n\r\n<p>ممارسة الرياضة أثناء أو بعد السرطان؟ هذا ممكن لكن حذار ليس بطريقة عشوائية يعمل&nbsp;<img alt=\"dernier-01\" src=\"data:image/webp;base64,UklGRqIAAABXRUJQVlA4TJYAAAAvGUACEIcgEEjS3B9mhcGaK4FACje4RA0Gg2EkK3UO8AOKwf7bTdJDRP8nAInnPg7g554QkFU3G5xj0itgn47lgZ3KLB0PwLi0EoBncBuQLeIFePCeyV4CkOMn/aMdLG+GkvNn/yQgPa/Fekmqr4/Y6gDbWxngD3oNsGrcBqzJKu+rDEZF9wqImi1KYMR2BVBPbwBjZRg=\" />&nbsp;بتعاون وثيق مع كامي رياضة وسرطان، جمعية متخصصة في النشاط البدني في علم السرطان منذ سنة<br />\r\nيقترح هذا الهيكل حصص رياضية يأطرها مؤثرون رياضيون طبيون بالنسبة للأشخاص المصابون بالسرطان مهما كان عمرهم، وسواء كانوا تحت العلاج أو في حالة خمود المرض</p>\r\n\r\n<p>يمكن أن تكون هذه المرافقة بشكل فردي أو في البيت بالطبع، سيتم إعداد برنامج مخصص من طرف كامي سرطان ورياضة حسب سنكم وحسب مرضكم وسوابقكم الطبية وايضا حسب رغباتكم وأهدافكم<br />\r\nتختلف كامي أيضا باستخدام مهنيين الرياضة المتحصلين على شهادة جامعية رياضة وسرطان، دون غيرهم بالفعل، لمرافقة الأشخاص المصابين بالسرطان على استعادة جسمهم، من الضروري الحصول على معرفة جيدة لآليات المرض وتأثير النشاط البدني عليه</p>', 'images/posts/EX6lt0ewBfP9uqWWnDBtI5TaBPejGpZRx3irWc9S.jpg', NULL, 1, 18, '2021-03-23 15:26:32', '2021-03-23 15:26:32'),
(7, 'خبير: ممارسة الرياضة هي مثل الدواء لمرضى السرطان!', 'khbyr-mmars-alryad-hy-mthl-aldoa-lmrd-alsrtan', '<p><strong>تشخيص الإصابة بمرض السرطان يشكل صدمة للمرضى في كثير من الأحيان. في مقابلة مع DW، يشرح البروفسور فيلهلم بلوخ من المعهد العالي للرياضة في كولونيا، تأثير الرياضة على علاج السرطان وآلية عملها على منع انتشاره في الجسم.</strong></p>\r\n\r\n<p>&nbsp;</p>\r\n\r\n<p>&nbsp;</p>\r\n\r\n<p><strong>DW: سيد بلوخ، ما هي المجالات التي تبحثها أنت وزملاؤك في معهد أبحاث الدورة الدموية والطب الرياضي حول مرض السرطان؟</strong></p>\r\n\r\n<p><strong>البروفيسور فيلهلم بلوخ:</strong>&nbsp;هنا في المعهد تتناول أربع&nbsp;مجموعات من أصل عشر مجموعات بحث موضوع &nbsp;&quot;الرياضة والسرطان&quot;.&nbsp;نحن نعمل حاليا&nbsp;على مشروع كبير مع الاتحاد الأوروبي،&nbsp; يدور حول تطبيقات العلاج الجديدة مع فترة تدريب مكثفة للغاية للنساء المصابات&nbsp;بسرطان الثدي. نريد أن نضع تصورات جديدة، لنوضح ما الذي يحدث بالفعل في جسم مريض السرطان عندما يمارس الرياضة. نحن نبحث فيما إذا كانت الرياضة لها تأثير على مكافحة المرض أو لها دور في دعم العلاج.</p>\r\n\r\n<p><strong>وكيف كان النهج المتبع طيلة السنوات السابقة؟</strong></p>\r\n\r\n<p>عندما بدأنا البحث&nbsp;عام 2007، كان التركيز الرئيسي على الآثار الجانبية التي يمكن أن تنجم عن الورم أو العلاج، وإمكانية تخفيض عدد الخلايا السرطانية. بمرور الوقت تبين لنا أن النشاط البدني له تأثير واضح، وليس مجرد عامل مساعد في العلاج.</p>\r\n\r\n<p>&nbsp;</p>\r\n\r\n<p>&nbsp;</p>\r\n\r\n<p><strong>وكيف يتم ذلك؟</strong></p>\r\n\r\n<p>بداية،&nbsp;ممارسة الرياضة تعتبر وقاية للشخص من الإصابة&nbsp;<a href=\"https://p.dw.com/p/3V267\">بمرض السرطان</a>. من ناحية أخرى ندرك أن التمرينات في مرحلة المرض تساعد في التغلب على السرطان. يوجد حاليا&nbsp;تركيز متزايد على استخدام الرياضة كمرافق للأدوية لتعزيز آثار العلاج.</p>\r\n\r\n<p><strong>ما هي العمليات التي تحدث في الجسم عندما يمارس مريض السرطان الرياضة؟</strong></p>\r\n\r\n<p>الرياضة تحفز الجسم على محاربة الورم. وممارسة الرياضة لا توقف المرض لكنها تجعل الجسم في وضع يسمح له بالتعامل بشكل أفضل مع السرطان، ومتقبلا للعلاج بشكل أفضل. الرياضة تعزز من آلية الجسم في مقاومة الأمراض عن طريق تحفيز الجهاز المناعي وذلك له تأثير واضح على مكافحة السرطان.</p>\r\n\r\n<p><strong>كيف يتم ذلك على وجه التحديد؟</strong></p>\r\n\r\n<p>مثال على ذلك، من ضمن مجالات بحثنا، نركز أيضا على ما يسمى بـ &quot;الخلايا القاتلة&quot; الطبيعية للجسم والتي تتعرف على الخلايا السرطانية فتهاجمها وتدمرها. وهنا نبحث عدد الخلايا السرطانية التي تذوب بواسطة الخلايا القاتلة الطبيعية. هذه الخلايا الطبيعية في الجسم تقاوم المرض بأساليب مختلفة، ولقد وجدنا أن نشاط هذه الخلايا في الجسم يزيد أثناء التمرين وبعد التمرين. هناك أيضا العديد من الخلايا الأخرى التي تلعب دورا في مكافحة المرض، إلا أن هذه الخلايا لها دور مؤثر.</p>\r\n\r\n<p>&nbsp;</p>\r\n\r\n<p><strong>ما مدى نشاط هذه الخلايا القاتلة وما مدى فاعليتها في مكافحة المرض؟</strong></p>\r\n\r\n<p>يمكننا أن نفترض أن أجسامنا تحتوي على ملايين الخلايا، أحيانا وفي مرحلة ما يحدث خلل معين في عمل إحدى الخلايا في الجسم ولا تعود تعمل بشكل طبيعي، ما يؤدي إلى خلل في عملها وتصبح&nbsp;<a href=\"https://p.dw.com/p/3V267\">خلية سرطانية</a>. هذه الخلية أو الخلايا يمكن أن تمر بفترة سبات طويلة قبل أن تصحوا فجأة، ويبدأ الورم في النمو ليهدد حياتنا. فالتهديد قائم في جميع الاوقات إذا كانت لديك تغيرات جينية معينة، فلا يمكنك منع ذلك من خلال ممارسة الرياضة، سرطان الجلد هو مثال على ذلك. بيد أن الرياضة يمكن أن تساعد في إبطاء تفشي المرض في الجسم، وهو ما يساعد المريض بشكل كبير. ونحن نتحدث عن احتمالات، بنسب نجاح&nbsp;مختلفة.</p>\r\n\r\n<p><strong>كيف تساعد التمرينات الرياضية على الوقاية من السرطان؟</strong></p>\r\n\r\n<p>إذا كنت تمشي&nbsp;أو تمارس الجري بشكل معتدل&nbsp;لمدة ست ساعات أسبوعيا على الأقل، فإن ذلك يقلل من خطر الإصابة بسرطان القولون والمستقيم بنسبة 40 في المائة. بالنسبة لسرطان البروستاتا، فإن الرياضة تساعد في تقليل خطر الإصابة بالمرض بنسبة تتراوح ما بين 25 إلى 30 في المائة. هذا ينطبق على سرطان الثدي أيضا.&nbsp;كما يمكن الحصول على حماية جيدة للغاية من خلال التغذية الجيدة، بيد أن البدانة تزيد من احتمالات الإصابة بالسرطان.</p>\r\n\r\n<p>&nbsp;</p>\r\n\r\n<p>&nbsp;</p>\r\n\r\n<p>&nbsp;</p>\r\n\r\n<p>&nbsp;</p>', 'images/posts/H8Fz3q60f025fJ7XwtXcANB5oWeQb6Wor72N4XV5.jpg', NULL, 1, 18, '2021-03-23 15:30:11', '2021-03-23 15:30:11'),
(8, 'دراسة: ممارسة الرياضة تقتل الخلايا السرطانية', 'dras-mmars-alryad-tktl-alkhlaya-alsrtany', '<p>توصل باحثون ألمان ودنماركيون إلى أن ممارسة الرياضة عامل مهم في القضاء على الخلايا السرطانية. العلماء اكتشفوا أن لهرمون الادرينالين دور كبير في القضاء على الخلايا السرطانية، لكن كيف يعمل هذا الهرمون؟</p>\r\n\r\n<p>&nbsp;</p>\r\n\r\n<p>كثيرا ما يجرى الحديث عن فوائد الرياضة في محاربة الأمراض والحفاظ على الصحة، وكثيراما ينصح الأطباء وخبراء الرياضة بالحركة أو إجراء التمارين يوميا. فالرياضة- كما هو معلوم &ndash; تنشط حركة الدورة الدموية وعضلات الجسم والقلب. وبالطبع، تعتمد الرياضة التي يلجأ إليها المرء على العمر وعلى المشاكل الصحية وغيرها من العوامل، بيد أن دراسة من جامعة ميونيخ التقنية أثبتت أن الرياضة يمكن أن تكون عاملا مهما مساعدا في محاربة السرطان.</p>\r\n\r\n<p>&nbsp;</p>\r\n\r\n<p>في ألمانيا يعتبر مرض السرطان أحد أكثر الأمراض انتشارا، بل من الأمراض المسببة للموت عند التقدم في السن وحتى في بعض الحالات للموت في أعمار مبكرة نسبيا. الدراسة التي أشرف عليها البروفسور مارتن هاله من جامعة ميونيخ التقنية تقول إن الحركة مهمة جدا للقضاء على الخلايا السرطانية بعد الإصابة وقبلها، إذ يقول البروفسور مارتن هاله &quot;عدم النشاط، سبب من أسباب الإصابة بالسرطان&quot;. ويضيف &quot;كلما انتقلنا من حالة الخمول إلى النشاط، قل عدد الخلايا السرطانية في الجسم، حسبما أوضحت نتائج الدراسة على الخلايا السرطانية&quot;.</p>\r\n\r\n<p>ليس المطلوب من المصابين بالسرطان ممارسة رياضات قوية وعنيفة ككرة القدم أو المصارعة، كي يضعف لديهم نمو الخلايا السرطانية. فلكل مريض يوضع برنامج رياضي خاص يتعود عليه تدريجيا ويدفعه للتحرك والنشاط أكثر. ويجب أن يكون البرنامج ملائما لمرحلة العلاج الكيميائي أيضا، حسب قول البروفسور هاله.</p>\r\n\r\n<p>&nbsp;</p>\r\n\r\n<p><strong>الادرينالين</strong></p>\r\n\r\n<p>باحثون من الدنمارك نشروا في مجلة &quot;سيل ميتالبولزم&quot; العلمية أن النتائج على فئران التجارب أوضحت أن الفئران المصابة التي تتحرك على الدولاب الخشبي انخفض عدد الخلايا السرطانية عندها إلى النصف مقارنة بتلك التي بقيت خاملة لا تمارس نشاطا معينا. والسبب، حسب الباحثين، يعود لارتفاع نسبة هرمون الادرينالين في الجسم، الذي ينشط الخلايا المضادة ويرسلها إلى المناطق المصابة عن طريق الدم. ويعتقد العلماء الألمان أن مثل هذه العمليات موجودة أيضا في جسم الإنسان.</p>\r\n\r\n<p>الباحثون توصلوا في تحليلهم إلى أن الفئران النشطة، تحمل جينات تدفع إلى النشاط وتساعد على عمل نظام المناعة بالجسم. الباحثون وجدوا أن عدد الخلايا القاتلة للخلايا السرطانية وجسيمات الدم البيضاء عند الفئران النشطة أكبر من غيرها. وأن هذه الخلايا القاتلة تقوم بالقضاء على الخلايا السرطانية بعد انتقالها إليها عن طريق الدم.</p>\r\n\r\n<p>لم يكن من المهم خلال الدراسة إن كان الادرينالين ينتج في الجسم عن طريق الرياضة أو يحقن في الفئران، فالنتيجة كانت واحدة. لكن نتيجة مهمة خلصت إليها الدراسة أيضا، وهي أنه في حال منع هرمون الادرينالين من العمل، فإن الخلايا السرطانية لن يقل عددها، سواء من خلال ممارسة الفئران الرياضة أو عدمها. أي أن الادرينالين عن طريق الرياضة عامل مهم في القضاء على الخلايا السرطانية في الجسم.</p>', 'images/posts/5dBRg53DX4enbMf4sjakcVRO7onGc3lgU4Rm6cXm.jpg', NULL, 1, 18, '2021-03-23 15:33:15', '2021-03-23 15:33:15'),
(9, 'الأكلات الممنوعة لمرضى السرطان', 'alaklat-almmnoaa-lmrd-alsrtan', '<p><strong>هناك العديد من الأكلات الممنوعة لمرضى السرطان بعضها يضر بصحة المريض والبعض الآخر يزيد من سوء الأعراض الجانبية للعلاج.</strong></p>\r\n\r\n<p>&nbsp;</p>\r\n\r\n<p>&nbsp;</p>\r\n\r\n<p>يعد الربط بين الغذاء والسرطان&nbsp;من الأمور غير الواضحة تمامًا، لكن من المعروف أن أسلوب الحياة والنظام الغذائي يمكن أن يلعب دورًا في بعض الأحيان.&nbsp;</p>\r\n\r\n<p>قد تؤدي عادات الأكل السيئة والعادات الأخرى مثل التدخين إلى زيادة خطر الإصابة ببعض أنواع السرطان على المدى البعيد.</p>\r\n\r\n<p>يتسائل العديد من المرضى عن الأكلات الممنوعة لمرضى السرطان، وذلك لأن الاثارالجانبية مثل الغثيان أو تغيرات في حاسة التذوق أو تقرحات الفم، تحتم على المريض الابتعاد عن أكلات معينة بغض النظر عن فائدتها.</p>\r\n\r\n<h2>هل يوجد نظام غذائي محدد لمرضى السرطان؟</h2>\r\n\r\n<p>يروج العديد من الناس لأنظمة غذائية يدعون أنها ستساعد في علاج السرطان أو تمنعه من العودة، مثل الحمية النباتية أو حمية الطعام النيء وغيرها الكثير، لا يوجد نظام غذائي يمكنه علاج السرطان.&nbsp;</p>\r\n\r\n<p>لا يوجد أيضًا دلائل علمية قوية تؤكد أن اتباع حمية غذائية معينة يمكن أن تقلل من فرصة عودة السرطان.</p>\r\n\r\n<h2>الأكلات الممنوعة لمرضى السرطان لضررها على الصحة العامة</h2>\r\n\r\n<p>هناك العديد من الأطعة التي لا ينصح تناولها لمرضى السرطان لمضارها المثبتة على الصحة العامة مثل:</p>\r\n\r\n<ul>\r\n	<li>\r\n	<p>اللحوم المصنعة</p>\r\n	</li>\r\n</ul>\r\n\r\n<p>يتم حفظ&nbsp;اللحوم المصنعة&nbsp;من خلال المعالجة أو التجفيف أو التعليب لزيادة مدة الصلاحية، وهي على رأس قائمة الأطعمة المسببة للسرطان.</p>\r\n\r\n<p>تعتبر اللحوم المصنعة مسرطنة لأنها مطبوخة على درجة حرارة عالية، وتحتوي على نسبة عالية من الدهون، وتحتوي على مواد كيميائية معينة مسببة للسرطان، ومن هذه الأطعمة النقانق والسجق وغيرها.</p>\r\n\r\n<ul>\r\n	<li>\r\n	<h3>السكريات</h3>\r\n	</li>\r\n</ul>\r\n\r\n<p>لا يعتبر السكر مسبب مباشر للسرطان، لكن تناول الكثير من السكر يمكن أن يؤدي إلى زيادة الوزن، وهناك أنواع كثيرة من السرطانات مرتبطة بزيادة الوزن أو&nbsp;السمنة.</p>\r\n\r\n<p>جب عليك مراقبة كمية السكر الإجمالية لتقليل خطر الإصابة بالسرطان المرتبط بالسمنة، مثل: المشروبات الغازية والكعك والبسكويت وغيرها.</p>\r\n\r\n<ul>\r\n	<li>\r\n	<h3>الكحوليات&nbsp;</h3>\r\n	</li>\r\n</ul>\r\n\r\n<p>شرب الكحول يمكن أن يزيد من خطر الإصابة بأنواع عديدة من السرطان مثل&nbsp;سرطان الكبد، والثدي، والقولون، والبنكرياس وغيرها.</p>\r\n\r\n<p>كما أن شرب الكثير من الكحول يمكن أن يؤدي إلى السمنة، وهي عامل خطر معروف لبعض أنواع السرطانات.</p>\r\n\r\n<h2>الأكلات الممنوعة لمرضى السرطان الذين يعانون من الأعراض الجانبية للعلاج</h2>\r\n\r\n<p>إذا كان الشخص يتلقى&nbsp;العلاج الكيميائي&nbsp;أو غيره من علاجات السرطان وتعاني من الاثار الجانبية له فعليك تجنب بعض الأطعمة حتى لا تتفاقم المعاناة لديك:&nbsp;</p>\r\n\r\n<h3>1. الغثيان والقيء</h3>\r\n\r\n<p>في هذه الحالة يفضل منع الأكلات التالية:</p>\r\n\r\n<ul>\r\n	<li>الأكلات الدهنية أو المقلية.</li>\r\n	<li>الأطعمة الحلوة جدًا، مثل الحلويات أو البسكويت.</li>\r\n	<li>الأطعمة الحارة أو الساخنة.</li>\r\n	<li>الأطعمة التي لها رائحة قوية.</li>\r\n</ul>\r\n\r\n<h3>2. تغيرات في حاسة التذوق</h3>\r\n\r\n<p>قد يسبب علاج السرطان تغييرات مؤقتة في حاسة التذوق فيصبح طعمها مثل القصدير، لذا ينصح بتجنب:</p>\r\n\r\n<ul>\r\n	<li>القهوة.</li>\r\n	<li>الشوكولاتة.</li>\r\n	<li>اللحوم الحمراء.</li>\r\n	<li>الشاي.</li>\r\n</ul>\r\n\r\n<h3>3. الإسهال</h3>\r\n\r\n<p>الأكلات الممنوعة لمرضى السرطان في هذه الحالة:</p>\r\n\r\n<ul>\r\n	<li>الأكلات الدهنية أو المقلي.</li>\r\n	<li>الخضار النيئة.</li>\r\n	<li>بذور الفاكهة وجلودها وأليافها.</li>\r\n	<li>الخضار التي تحتوي على الكثير من الألياف مثل البروكلى والذرة.</li>\r\n</ul>\r\n\r\n<h3>4. تقرحات الفم&nbsp;</h3>\r\n\r\n<p>تكون مؤلمة وتسبب صعوبة في البلع، في هذه الحالة تجنب بعض الأطعمة مثل:</p>\r\n\r\n<ul>\r\n	<li>&nbsp;الأطعمة الحمضية مثل عصير الليمون.</li>\r\n	<li>&nbsp;الأطعمة الحارة والبهارات.</li>\r\n	<li>الأطعمة المالحة مثل الفشار.</li>\r\n</ul>\r\n\r\n<h2>الطعام وضعف جهاز المناعة</h2>\r\n\r\n<p>يسبب السرطان و بعض علاجاته مثل العلاج الكيميائي، العلاج الإشعاعي، وزراعة نخاع العظم، ضعف جهاز المناعة، هذا يعرضك للتسمم الغذائي.</p>\r\n\r\n<p>&nbsp;في حال تناول المريض طعامًا ملوثًا بالبكتيريا أو الطفيليات أو الفيروسات لذا هناك بعض الأكلات الممنوعة لمرضى السرطان والتي تكون غالبًا ملوثة بالميكروبات، نذكر منها:</p>\r\n\r\n<ol>\r\n	<li>الفاكهة والخضروات الطازجة غير المغسولة، وخاصة الخضار الورقية التي يمكن أن تخفي الأوساخ والملوثات.&nbsp;</li>\r\n	<li>&nbsp;لحم البقر النيء أو غير المطبوخ جيدًا وخاصة اللحم المفروم أو الدواجن النيئة أو غير المطبوخة جيدًا.</li>\r\n	<li>&nbsp;اللحوم الباردة، وكذلك السلامي المجفف وغير المطبوخ.</li>\r\n	<li>السوشي والسمك المدخن وكذلك بعض أنواع الأسماك التي تحتوي على مستويات عالية من الزئبق.</li>\r\n	<li>المشروبات غير المبسترة ، مثل عصائر الفاكهة، الحليب أو الزبادي، كذلك الأجبان الطرية غير المبسترة.</li>\r\n	<li>البيض غير المطبوخ جيدًا، مثل البيض المسلوق، أو الأطعمة المصنوعة من البيض النيء، مثل المايونيز.</li>\r\n</ol>', 'images/posts/bt75uPlffhbOfMIvnwaVv9MZLXCHCRTEkkMWfo5I.jpg', NULL, 1, 20, '2021-03-23 16:38:47', '2021-03-23 16:38:47'),
(10, 'تناول الطعام أثناء علاج السرطان: نصائح لجعل الطعام أشهى مذاقًا', 'tnaol-altaaam-athna-aalaj-alsrtan-nsaeh-ljaal-altaaam-ashh-mthaka', '<p><em>قد تجد أن علاج السرطان قد أثر على حاسة التذوق لديك. فيما يلي بعض النصائح لمساعدتك على تحسين تذوق الأطعمة.</em></p>\r\n\r\n<p>&nbsp;</p>\r\n\r\n<p>&nbsp;</p>\r\n\r\n<p>قد يؤثر مرض السرطان أو علاجه على حاسة التذوّق لديك. فقد يبدو الطعام مفتقدًا للنكهة أو حلوًا أو مالحًا أو معدنيًا بصورة زائدة.</p>\r\n\r\n<p>عادةً ما تكون هذه التغييرات مؤقتة وستتحسن بمرور الوقت. في هذه الأثناء، افعل ما بوسعك للحفاظ على كمية السعرات الحرارية التي تتناولها ولتلبية احتياجات الجسم من البروتين والفيتامينات والمعادن.</p>\r\n\r\n<p>إذا كنت، في الأحوال العادية، تتبع نظامًا غذائيًا محددًا، كالأنظمة التي تكون منخفضة الصوديوم أو الدهون أو المخصصة للأشخاص المصابين بداء السكري، فقد يلزم تخفيف هذه القيود لبعض الوقت. يجب أن تتيح مزيدًا من التنوع بحيث يمكنك زيادة فرصك في الحصول على تغذية كافية. استَشِر طبيبك للتأكد من عدم وجود ما يمنع تخفيف قيودك الغذائية؛ حيث قد تؤثر التغييرات التي تجريها على نظامك الغذائي في أدويتك.</p>\r\n\r\n<p>فيما يلي بعض الاقتراحات لاختيار الأطعمة وإعدادها. جرِّب هذه الأفكار حتى تجد التشكيلات التي تروق لك.</p>\r\n\r\n<p>ملاحظة: إذا كان فمك أو حلقك مُحتقنًا، فتجنب التوابل، والأطعمة الحمضية، والأطعمة أو المشروبات الساخنة التي قد تتسبب في التهيُّج.</p>\r\n\r\n<h3>إذا كانت الأطعمة تفتقر إلى النكهة</h3>\r\n\r\n<p>جرب الصلصات والمخللات والتوابل المختلفة وغيرها من المكونات. فقد يساعد هذا في تحسين مذاق الأطعمة.</p>\r\n\r\n<p>يمكنك إضافة المكونات التالية أثناء الطهو:</p>\r\n\r\n<ul>\r\n	<li>صلصة الشواء</li>\r\n	<li>المستخلصات أو غيرها من المنكهات</li>\r\n	<li>الكاتشب</li>\r\n	<li>توابل اللحوم</li>\r\n	<li>الخردل</li>\r\n	<li>صلصة الصويا</li>\r\n	<li>التوابل والأعشاب</li>\r\n	<li>صلصة الترياكي</li>\r\n	<li>الخل</li>\r\n	<li>النبيذ</li>\r\n</ul>\r\n\r\n<p>من الاقتراحات الاخرى لإضافة النكهات:</p>\r\n\r\n<ul>\r\n	<li>شرائح اللحم المقدد</li>\r\n	<li>قطع الفلفل الأخضر أو الأحمر</li>\r\n	<li>قطع البصل أو الثوم</li>\r\n	<li>شرائح اللحم المدخن</li>\r\n	<li>المكسرات</li>\r\n	<li>الجبن، وخصوصًا الجبن اللاذع، مثل جبن الشيدر اللاذعة</li>\r\n</ul>\r\n\r\n<p>جرب أيضًا:</p>\r\n\r\n<ul>\r\n	<li>السكر أو شراب الفواكه المركز إلى الطعام. تحلية حبوب الإفطار بالسكر البني أو شراب القيقب أو العسل أو القرفة أو التمر أو الزبيب بدلاً من السكر الأبيض.</li>\r\n	<li>الأطعمة المالحة. يمكن أيضًا للأطعمة المالحة مثل اللحوم المعلبة والجبن ورقائق الوجبات الخفيفة أن يكون لها مذاق أفضل.</li>\r\n</ul>\r\n\r\n<h3>إذا كانت مذاق الأطعمة حلوًا أكثر من اللازم</h3>\r\n\r\n<p>خفف الأطعمة الحلوة أكثر من اللازم:</p>\r\n\r\n<ul>\r\n	<li>أضف القليل من الملح أو عصير الليمون.</li>\r\n	<li>أضف اللبن غير المنكّه أو الحليب الرائب أو مسحوق القهوة سريعة الذوبان أو الحليب إلى الحليب المخفوق أو خليط المشروبات الفورية أو المشروبات الغذائية المعلبة بشكل تجاري.</li>\r\n</ul>\r\n\r\n<p>جرب الأطعمة الأقل حلاوة:</p>\r\n\r\n<ul>\r\n	<li>تناول مشروبات مثل عصير الفاكهة المخفف أو الحليب أو الحليب الرائب أو عصير الليمون أو الزنجبيل أو المشروبات الرياضية.</li>\r\n	<li>اختر أنواع الحلويات التي ليست لها مذاق لاذع، مثل اللبن أو الكسترد أو فطيرة اليقطين أو الفواكه الطازجة أو الفاكهة المخبوزة أو الفواكه مع الجبن القريش أو فتات الفاكهة أو الكعك السادة أو رقائق غراهام.</li>\r\n</ul>\r\n\r\n<p>اختر أطعمة أخرى بدلاً من الوجبات الخفيفة الحلوة مثل:</p>\r\n\r\n<ul>\r\n	<li>الجُبن</li>\r\n	<li>الرقائق أو البسكويت المملح مع صلصة التغميس</li>\r\n	<li>جبن القريش</li>\r\n	<li>المقرمشات والجبن</li>\r\n	<li>البيض المحشو</li>\r\n	<li>المكسرات</li>\r\n	<li>زبدة الفول السوداني</li>\r\n</ul>\r\n\r\n<p>إذا كان الشراب المحلى المركز أو المربى أو السكر حلو المذاق جدًا، فجرب الزبدة أو السمن الصناعي في طهي حبوب الإفطار والخبز المحمص والفطائر.</p>\r\n\r\n<h3>إذا كانت الأطعمة ذات مذاق مملح جدًا</h3>\r\n\r\n<p>قد يخفف القليل من السكر ملوحة بعض الأطعمة. اطبخ الأطعمة بدون إضافة ملح أو توابل تحتوي على ملح. تجنب الأطعمة التي تحتوي على الكثير من الصوديوم. ابحث عن منتجات مكتوب عليها صوديوم أقل أو منخفضة الصوديوم. جرّب الأطعمة غير الحارة وخفيفة النكهة.</p>\r\n\r\n<h3>إذا لم يكن مذاق اللحم طبيعيًا</h3>\r\n\r\n<p>إذا كان اللحم طازجا ومطبوخا بصورة مناسبة، ولكن طعمه غير طبيعي، فقدم أطعمة أخرى تحتوي على البروتين، مثل:</p>\r\n\r\n<ul>\r\n	<li>الفاصولياء أو البازلاء بالحساء، أو السلطات أو الأطباق الجانية، أو الغموس أو الأطعمة المهروسة</li>\r\n	<li>الجُبن</li>\r\n	<li>جبن القريش</li>\r\n	<li>الكاسترد</li>\r\n	<li>أطباق البيض</li>\r\n	<li>شراب البيض</li>\r\n	<li>السمك الطازج أو المجمد أو المعبأ في كيس محكم الغلق بالفراغ، حيث إن السمك المعلب قد يكون له مذاق معدني</li>\r\n	<li>مشروبات الإفطار الفورية أو المشروبات المغذية الأخرى</li>\r\n	<li>العدس</li>\r\n	<li>المعكرونة بالجبن</li>\r\n	<li>الشعير</li>\r\n	<li>مخفوق الحليب (ميلك شيك)</li>\r\n	<li>المكسرات</li>\r\n	<li>زبدة الفول السوداني</li>\r\n	<li>الدواجن</li>\r\n	<li>البودنغ</li>\r\n	<li>الكينوا</li>\r\n	<li>التوفو أو التمبي</li>\r\n	<li>اللبن</li>\r\n</ul>\r\n\r\n<p>اقتراحات أخرى للحوم:</p>\r\n\r\n<ul>\r\n	<li>جرب اللحم المحضر مع أطعمة أخرى مثل الفلفل الحار أو اللازانيا أو صلصة السباغيتي أو الطواجن أو الخضار المسلوق أو الحساء.</li>\r\n	<li>جرب الصلصات مثلا الكاتشب والتوابل الأخرى التي قد تحسن النكهة.</li>\r\n	<li>جرب نقع اللحم أو الدجاج أو السمك في التوابل أو صلصة الصويا أو عصائر الفاكهة المحلاةأو الصلصات الإيطالية.</li>\r\n	<li>جرب اللحوم المملحة أو المتبلة أو المدخنة مثل شرائح اللحم البقري المتبلة أو النقانق أو اللحوم الباردة.</li>\r\n	<li>جرب الأطعمة الغنية بالبروتين التي قد يكون طعهما أفضل عندما تكون بادرة أو في درجة حرارة الغرفة. ومن أمثلتها أطباق الجبن أو الجبن القريش، أو سلطة المعكرونة بالجمبري أو الجبن، سلطة التونة أو البيض أو الدجاج، أو سندوتشات اللحم البارد أو اللانشون، أو السلمون البارد.</li>\r\n</ul>\r\n\r\n<p>إذا أدى علاج السرطان إلى إضعاف الجهاز المناعي، فقد يكون بعض هذه الأطعمة غير آمن. اهتم بسلامة الطعام عن طريق حفظ الأطعمة في درجات الحرارة المناسبة لها. ولا تترك الأطعمة القابلة للتلف خارج الثلاجة لمدة أكثر من ساعة. تجنب العصائر أو الجبن أو اللبن غير المبستر، واللحوم النيئة أو غير المطبوخة.</p>\r\n\r\n<h3>اقتراحات عامة</h3>\r\n\r\n<ul>\r\n	<li>غالبا ما يكون مذاق الأطعمة جذابة الشكل أفضل.</li>\r\n	<li>اختر الأطعنة ذات الألوان ودرجات الحرارة والقوامات المتفاوتة.</li>\r\n	<li>أكثر من شرب السوائل أو مضغ العلكة أو تناول حلوى النعناع أو الحلوى الصلبة لإزالة الطعم السيء من فمك.</li>\r\n	<li>إذا شعرت بمذاق مُر أو معدني عند تناول الطعام، فجرب استخدام الأواني البلاستيكية.</li>\r\n	<li>استشر طبيب الأسنان لمعرفة ما إذا كنت تعاني أي مشاكل في الأسنان أم لا. حافظ جيدًا على صحة فمك ونظافته.</li>\r\n	<li>استشر طبيبك لمعرفة ما إذا كان تغير مذاقات الطعام في فمك مرتبط بالأدوية التي تتناولها أم لا. ففي بعض الحالات، قد يُعدِّل طبيبك الأدوية التي تتناولها لتقليل آثارها الجانبية أو استبعادها. لكن لا تتوقف عن تناول الأدوية إلا إذا طلب منك الطبيب ذلك.</li>\r\n	<li>استشر اختصاصي الرعاية الصحية بشأن أنواع غسول الفم.</li>\r\n</ul>\r\n\r\n<p>إذا لم تُجدِ هذه التدابير أو إذا كنت تفقد وزنك، فاطلب من طبيبك أو اختصاصي تغذية معتمد المزيد من المشورة.</p>', 'images/posts/gpFlBKqVqNIAv5H1zMx4oeBm7jHIzc91mpevIMCq.jpg', NULL, 1, 20, '2021-03-23 16:41:37', '2021-03-23 16:41:37');

-- --------------------------------------------------------

--
-- Table structure for table `roles`
--

CREATE TABLE `roles` (
  `id` int(10) UNSIGNED NOT NULL,
  `name` varchar(255) COLLATE utf8mb4_unicode_ci NOT NULL,
  `display_name` varchar(255) COLLATE utf8mb4_unicode_ci DEFAULT NULL,
  `description` varchar(255) COLLATE utf8mb4_unicode_ci DEFAULT NULL,
  `created_at` timestamp NULL DEFAULT NULL,
  `updated_at` timestamp NULL DEFAULT NULL
) ENGINE=InnoDB DEFAULT CHARSET=utf8mb4 COLLATE=utf8mb4_unicode_ci;

--
-- Dumping data for table `roles`
--

INSERT INTO `roles` (`id`, `name`, `display_name`, `description`, `created_at`, `updated_at`) VALUES
(1, 'super_admin', 'Super Admin', 'Super Admin', '2021-01-14 06:24:09', '2021-01-14 06:24:09'),
(2, 'doctors', 'Doctors', 'Doctors', '2021-01-14 06:24:11', '2021-01-14 06:24:11'),
(3, 'volunteers', 'Volunteers', 'Volunteers', '2021-01-14 06:24:12', '2021-01-14 06:24:12'),
(4, 'patients', 'Patients', 'Patients', '2021-01-14 06:24:12', '2021-01-14 06:24:12');

-- --------------------------------------------------------

--
-- Table structure for table `role_user`
--

CREATE TABLE `role_user` (
  `role_id` int(10) UNSIGNED NOT NULL,
  `user_id` int(10) UNSIGNED NOT NULL,
  `user_type` varchar(255) COLLATE utf8mb4_unicode_ci NOT NULL
) ENGINE=InnoDB DEFAULT CHARSET=utf8mb4 COLLATE=utf8mb4_unicode_ci;

--
-- Dumping data for table `role_user`
--

INSERT INTO `role_user` (`role_id`, `user_id`, `user_type`) VALUES
(1, 1, 'App\\User'),
(2, 2, 'App\\User'),
(4, 3, 'App\\User'),
(2, 6, 'App\\User'),
(2, 7, 'App\\User'),
(2, 9, 'App\\User'),
(4, 10, 'App\\User'),
(2, 11, 'App\\User'),
(3, 12, 'App\\User'),
(3, 13, 'App\\User'),
(2, 14, 'App\\User');

-- --------------------------------------------------------

--
-- Table structure for table `slides`
--

CREATE TABLE `slides` (
  `id` bigint(20) UNSIGNED NOT NULL,
  `photo` varchar(255) COLLATE utf8mb4_unicode_ci NOT NULL,
  `created_at` timestamp NULL DEFAULT NULL,
  `updated_at` timestamp NULL DEFAULT NULL
) ENGINE=InnoDB DEFAULT CHARSET=utf8mb4 COLLATE=utf8mb4_unicode_ci;

--
-- Dumping data for table `slides`
--

INSERT INTO `slides` (`id`, `photo`, `created_at`, `updated_at`) VALUES
(1, 'test', NULL, NULL),
(2, 'test', NULL, NULL);

-- --------------------------------------------------------

--
-- Table structure for table `specializations`
--

CREATE TABLE `specializations` (
  `id` bigint(20) UNSIGNED NOT NULL,
  `title` varchar(255) COLLATE utf8mb4_unicode_ci NOT NULL,
  `created_at` timestamp NULL DEFAULT NULL,
  `updated_at` timestamp NULL DEFAULT NULL
) ENGINE=InnoDB DEFAULT CHARSET=utf8mb4 COLLATE=utf8mb4_unicode_ci;

--
-- Dumping data for table `specializations`
--

INSERT INTO `specializations` (`id`, `title`, `created_at`, `updated_at`) VALUES
(1, 'اورام', NULL, NULL),
(2, 'جراحة أورام', NULL, NULL),
(3, 'نفسي', NULL, NULL),
(4, 'جراحة عامة', NULL, NULL),
(5, 'تخسيس وتغذية', NULL, NULL),
(6, 'علاج الآلام', NULL, NULL),
(7, 'امراض دم', NULL, NULL),
(8, 'طب المسنين', NULL, NULL),
(9, 'حساسية ومناعة', NULL, NULL),
(10, 'اخري', NULL, NULL);

-- --------------------------------------------------------

--
-- Table structure for table `users`
--

CREATE TABLE `users` (
  `id` bigint(20) UNSIGNED NOT NULL,
  `name` varchar(255) COLLATE utf8mb4_unicode_ci NOT NULL,
  `email` varchar(255) COLLATE utf8mb4_unicode_ci NOT NULL,
  `email_verified_at` timestamp NULL DEFAULT NULL,
  `password` varchar(255) COLLATE utf8mb4_unicode_ci NOT NULL,
  `phone` varchar(255) COLLATE utf8mb4_unicode_ci DEFAULT NULL,
  `city_id` bigint(20) UNSIGNED NOT NULL,
  `specialization_id` bigint(20) UNSIGNED DEFAULT NULL,
  `remember_token` varchar(100) COLLATE utf8mb4_unicode_ci DEFAULT NULL,
  `created_at` timestamp NULL DEFAULT NULL,
  `updated_at` timestamp NULL DEFAULT NULL
) ENGINE=InnoDB DEFAULT CHARSET=utf8mb4 COLLATE=utf8mb4_unicode_ci;

--
-- Dumping data for table `users`
--

INSERT INTO `users` (`id`, `name`, `email`, `email_verified_at`, `password`, `phone`, `city_id`, `specialization_id`, `remember_token`, `created_at`, `updated_at`) VALUES
(1, 'Super Admin', 'super_admin@app.com', NULL, '$2y$10$ERvMjdbPAclcekiEPGyRAu84R87EXfNex1SGC0OGLKb3gc1CiCjAO', '123456789', 1, 1, 'uqMpLbsIwweQESMgljx166uyCrtXVyEpoXbERKR7fEt6trbzI8IrddjwN9vb', '2021-01-14 06:24:13', '2021-03-21 18:32:14'),
(2, 'احمد محمد', 'doctorAhmed@test.com', NULL, '$2y$10$h2jt6LWk.qpbokpGve2ME.aDfFyq5H3jAvtb9elATgpwl8vuDvnT.', '12345678955', 2, 5, NULL, '2021-01-14 06:28:07', '2021-03-21 07:31:16'),
(3, 'خالد مصطفي', 'test@app.com', NULL, '$2y$10$Rh.kGHy.miUBWUhcuKDK1.m3J9anpqRVJqWNPy0DwRj5LrL.g.wjW', '12345678955', 2, NULL, NULL, '2021-01-17 12:42:00', '2021-03-23 10:30:37'),
(6, 'خالد عبدالعزيز', 'khaldabdelaziz99@test.com', NULL, '$2y$10$yAE4jH3GKtKBq.4yqoUa..Of27lE.xtCvE39KhbrShPgE9xOOpX4u', '01129441381', 1, 2, NULL, '2021-01-17 12:47:53', '2021-03-21 07:31:41'),
(7, 'اشرف محمد', 'ashraf_m55@test.com', NULL, '$2y$10$n2RCEGDo8HdrunRpDUU7i.YcxeT8SX9mjCzgSePAdl7OMYZzJg0OK', '123456789', 1, 2, NULL, '2021-01-19 10:49:49', '2021-03-21 07:32:01'),
(9, 'الاء محمد', 'alaamohamed@gmail.com', NULL, '$2y$10$jk.FRznP8GJKrHUsb.3lseb0OpFdqElLhKKNQfRDYz7B.T.c3tdo2', '123456789', 24, 7, NULL, '2021-01-22 12:52:45', '2021-03-21 07:32:19'),
(10, 'محمد عبدالمقصود', 'test@gmail.cm', NULL, '$2y$10$SqWXuojy5jKNNQCA5lq73eBYGBNH.TyOlkArNnXqvRLKAZ4B7hmJq', '123456', 1, NULL, NULL, '2021-01-22 13:57:37', '2021-03-23 10:30:52'),
(11, 'عادل حسن', 'adelHassn85@test.com', NULL, '$2y$10$SBcEscwA98n1XuDDDhUAf.y7CZlVBYNzpIRfBtphZ4wUeqX8o7rwe', '123456789', 2, 4, NULL, '2021-01-25 10:11:24', '2021-03-21 07:32:46'),
(12, 'اشرف محمد', 'ashrafmohamed@gmail.com', NULL, '$2y$10$6/GUQNBu7pPKGf97O3G/kurwhfLz0RwHOl9j6hCWXsLgJUiQvvm7u', '123456789', 3, NULL, NULL, '2021-03-23 10:29:08', '2021-03-23 10:29:08'),
(13, 'حسام مجدي', 'hosammagdy@gmail.com', NULL, '$2y$10$Cb4m3eM6PGfp3BCrFDVCCOiW87hy5BFQ8907NNNHMCMbgc4ydigXO', '0123654987', 5, NULL, NULL, '2021-03-23 10:30:08', '2021-03-23 10:30:08'),
(14, 'aaaaaaaaaaaaaaaa', 'ashraf@yahoo.com', NULL, '$2y$10$qFKKumm8il8F30hVad2V6O/BOG0L6jKTVtdthujhDsP7X1opmMBJ2', '12456', 2, 2, NULL, '2021-03-27 07:54:50', '2021-03-27 07:54:50');

--
-- Indexes for dumped tables
--

--
-- Indexes for table `cancers`
--
ALTER TABLE `cancers`
  ADD PRIMARY KEY (`id`);

--
-- Indexes for table `categories`
--
ALTER TABLE `categories`
  ADD PRIMARY KEY (`id`);

--
-- Indexes for table `cities`
--
ALTER TABLE `cities`
  ADD PRIMARY KEY (`id`);

--
-- Indexes for table `donations`
--
ALTER TABLE `donations`
  ADD PRIMARY KEY (`id`);

--
-- Indexes for table `experiments`
--
ALTER TABLE `experiments`
  ADD PRIMARY KEY (`id`),
  ADD KEY `test` (`user_id`);

--
-- Indexes for table `failed_jobs`
--
ALTER TABLE `failed_jobs`
  ADD PRIMARY KEY (`id`);

--
-- Indexes for table `migrations`
--
ALTER TABLE `migrations`
  ADD PRIMARY KEY (`id`);

--
-- Indexes for table `msgs`
--
ALTER TABLE `msgs`
  ADD PRIMARY KEY (`id`);

--
-- Indexes for table `password_resets`
--
ALTER TABLE `password_resets`
  ADD KEY `password_resets_email_index` (`email`);

--
-- Indexes for table `permissions`
--
ALTER TABLE `permissions`
  ADD PRIMARY KEY (`id`),
  ADD UNIQUE KEY `permissions_name_unique` (`name`);

--
-- Indexes for table `permission_role`
--
ALTER TABLE `permission_role`
  ADD PRIMARY KEY (`permission_id`,`role_id`),
  ADD KEY `permission_role_role_id_foreign` (`role_id`);

--
-- Indexes for table `permission_user`
--
ALTER TABLE `permission_user`
  ADD PRIMARY KEY (`user_id`,`permission_id`,`user_type`),
  ADD KEY `permission_user_permission_id_foreign` (`permission_id`);

--
-- Indexes for table `posts`
--
ALTER TABLE `posts`
  ADD PRIMARY KEY (`id`),
  ADD KEY `posts_user_id_foreign` (`user_id`),
  ADD KEY `posts_category_id_foreign` (`category_id`);

--
-- Indexes for table `roles`
--
ALTER TABLE `roles`
  ADD PRIMARY KEY (`id`),
  ADD UNIQUE KEY `roles_name_unique` (`name`);

--
-- Indexes for table `role_user`
--
ALTER TABLE `role_user`
  ADD PRIMARY KEY (`user_id`,`role_id`,`user_type`),
  ADD KEY `role_user_role_id_foreign` (`role_id`);

--
-- Indexes for table `slides`
--
ALTER TABLE `slides`
  ADD PRIMARY KEY (`id`);

--
-- Indexes for table `specializations`
--
ALTER TABLE `specializations`
  ADD PRIMARY KEY (`id`);

--
-- Indexes for table `users`
--
ALTER TABLE `users`
  ADD PRIMARY KEY (`id`),
  ADD UNIQUE KEY `users_email_unique` (`email`),
  ADD KEY `users_city_id_foreign` (`city_id`),
  ADD KEY `users_specialization_id_foreign` (`specialization_id`);

--
-- AUTO_INCREMENT for dumped tables
--

--
-- AUTO_INCREMENT for table `cancers`
--
ALTER TABLE `cancers`
  MODIFY `id` bigint(20) UNSIGNED NOT NULL AUTO_INCREMENT, AUTO_INCREMENT=18;

--
-- AUTO_INCREMENT for table `categories`
--
ALTER TABLE `categories`
  MODIFY `id` bigint(20) UNSIGNED NOT NULL AUTO_INCREMENT, AUTO_INCREMENT=22;

--
-- AUTO_INCREMENT for table `cities`
--
ALTER TABLE `cities`
  MODIFY `id` bigint(20) UNSIGNED NOT NULL AUTO_INCREMENT, AUTO_INCREMENT=28;

--
-- AUTO_INCREMENT for table `donations`
--
ALTER TABLE `donations`
  MODIFY `id` bigint(20) UNSIGNED NOT NULL AUTO_INCREMENT, AUTO_INCREMENT=3;

--
-- AUTO_INCREMENT for table `experiments`
--
ALTER TABLE `experiments`
  MODIFY `id` bigint(20) UNSIGNED NOT NULL AUTO_INCREMENT, AUTO_INCREMENT=17;

--
-- AUTO_INCREMENT for table `failed_jobs`
--
ALTER TABLE `failed_jobs`
  MODIFY `id` bigint(20) UNSIGNED NOT NULL AUTO_INCREMENT;

--
-- AUTO_INCREMENT for table `migrations`
--
ALTER TABLE `migrations`
  MODIFY `id` int(10) UNSIGNED NOT NULL AUTO_INCREMENT, AUTO_INCREMENT=14;

--
-- AUTO_INCREMENT for table `msgs`
--
ALTER TABLE `msgs`
  MODIFY `id` bigint(20) UNSIGNED NOT NULL AUTO_INCREMENT, AUTO_INCREMENT=10;

--
-- AUTO_INCREMENT for table `permissions`
--
ALTER TABLE `permissions`
  MODIFY `id` int(10) UNSIGNED NOT NULL AUTO_INCREMENT, AUTO_INCREMENT=21;

--
-- AUTO_INCREMENT for table `posts`
--
ALTER TABLE `posts`
  MODIFY `id` bigint(20) UNSIGNED NOT NULL AUTO_INCREMENT, AUTO_INCREMENT=11;

--
-- AUTO_INCREMENT for table `roles`
--
ALTER TABLE `roles`
  MODIFY `id` int(10) UNSIGNED NOT NULL AUTO_INCREMENT, AUTO_INCREMENT=5;

--
-- AUTO_INCREMENT for table `slides`
--
ALTER TABLE `slides`
  MODIFY `id` bigint(20) UNSIGNED NOT NULL AUTO_INCREMENT, AUTO_INCREMENT=3;

--
-- AUTO_INCREMENT for table `specializations`
--
ALTER TABLE `specializations`
  MODIFY `id` bigint(20) UNSIGNED NOT NULL AUTO_INCREMENT, AUTO_INCREMENT=11;

--
-- AUTO_INCREMENT for table `users`
--
ALTER TABLE `users`
  MODIFY `id` bigint(20) UNSIGNED NOT NULL AUTO_INCREMENT, AUTO_INCREMENT=15;

--
-- Constraints for dumped tables
--

--
-- Constraints for table `experiments`
--
ALTER TABLE `experiments`
  ADD CONSTRAINT `test` FOREIGN KEY (`user_id`) REFERENCES `users` (`id`) ON DELETE CASCADE ON UPDATE CASCADE;

--
-- Constraints for table `permission_role`
--
ALTER TABLE `permission_role`
  ADD CONSTRAINT `permission_role_permission_id_foreign` FOREIGN KEY (`permission_id`) REFERENCES `permissions` (`id`) ON DELETE CASCADE ON UPDATE CASCADE,
  ADD CONSTRAINT `permission_role_role_id_foreign` FOREIGN KEY (`role_id`) REFERENCES `roles` (`id`) ON DELETE CASCADE ON UPDATE CASCADE;

--
-- Constraints for table `permission_user`
--
ALTER TABLE `permission_user`
  ADD CONSTRAINT `permission_user_permission_id_foreign` FOREIGN KEY (`permission_id`) REFERENCES `permissions` (`id`) ON DELETE CASCADE ON UPDATE CASCADE;

--
-- Constraints for table `posts`
--
ALTER TABLE `posts`
  ADD CONSTRAINT `posts_category_id_foreign` FOREIGN KEY (`category_id`) REFERENCES `categories` (`id`) ON DELETE CASCADE,
  ADD CONSTRAINT `posts_user_id_foreign` FOREIGN KEY (`user_id`) REFERENCES `users` (`id`) ON DELETE CASCADE;

--
-- Constraints for table `role_user`
--
ALTER TABLE `role_user`
  ADD CONSTRAINT `role_user_role_id_foreign` FOREIGN KEY (`role_id`) REFERENCES `roles` (`id`) ON DELETE CASCADE ON UPDATE CASCADE;

--
-- Constraints for table `users`
--
ALTER TABLE `users`
  ADD CONSTRAINT `users_city_id_foreign` FOREIGN KEY (`city_id`) REFERENCES `cities` (`id`),
  ADD CONSTRAINT `users_specialization_id_foreign` FOREIGN KEY (`specialization_id`) REFERENCES `specializations` (`id`);
COMMIT;

/*!40101 SET CHARACTER_SET_CLIENT=@OLD_CHARACTER_SET_CLIENT */;
/*!40101 SET CHARACTER_SET_RESULTS=@OLD_CHARACTER_SET_RESULTS */;
/*!40101 SET COLLATION_CONNECTION=@OLD_COLLATION_CONNECTION */;
